CLAVE,URL,,,,,,
2470,http://journals.iai.spk-berlin.de/index.php/indiana/,,,,,,
5727,,,,,,,
7041,http://publicacoes.scientia.co.ao/ojs2/index.php/rac/about,,,,,,
3334,https://revistas.unc.edu.ar/index.php/racc/index,,,,,,
3692,http://www.arq.unne.edu.ar/cuaderno-urbano/,,,,,,
3220,https://www.biotaxa.org/RSEA,,,,,,
3219,http://www.insuficienciacardiaca.org/,,,,,,
3331,http://www.cienciapsicologica.org/pubs/psiencia,,,,,,
3505,http://www.palabraclave.fahce.unlp.edu.ar/,,,,,,
5123,http://sociedadeconomiacritica.org/ojs/index.php/cec/index,,,,,,
3870,https://prismas.unq.edu.ar/OJS/index.php/Prismas/index/,,,,,,
5258,https://revistas.uncu.edu.ar/ojs/index.php/millca-digital/,,,,,,
4030,http://www.propuestaeducativa.flacso.org.ar/,,,,,,
5116,http://revistas.unlp.edu.ar/CADM,,,,,,
522,http://www.revistapostdata.com.ar/,,,,,,
3691,http://www.psi.uba.ar/accesos.php?var=investigaciones/revistas/anuario/anuario.php,,,,,,
4964,http://publicaciones.sociales.uba.ar/index.php/elatina/index,,,,,,
224,https://cerac.unlpam.edu.ar/index.php/anclajes/,,,,,,
4835,http://www.seadpsi.com.ar/revistas/index.php/pep,,,,,,
4399,http://www.efyc.fahce.unlp.edu.ar/,,,,,,
5529,,,,,,,
5819,,,,,,,
6177,https://bibliotecavirtual.unl.edu.ar/publicaciones/index.php/FAVEveterinaria,,,,,,
924,http://www.revistacts.net/,,,,,,
5641,,,,,,,
5644,https://journal.eticaycine.org/,,,,,,
5635,,,,,,,
5642,https://revistarenal.org.ar/,,,,,,
3822,https://revistas.unlp.edu.ar/index.php/raab,,,,,,
6364,https://revistas.unlp.edu.ar/Habitat/index,,,,,,
6060,http://www.designisfels.net/,,,,,,
7321,,,,,,,
6559,https://bibliotecavirtual.unl.edu.ar/publicaciones/index.php/Redoeda/index,,,,,,
6723,https://publicaciones.sociales.uba.ar/index.php/psicologiasocial/index,,,,,,
3825,www.rardigital.org.ar,,,,,,
6680,,,,,,,
7320,,,,,,,
1807,http://www.estudiosenturismo.com.ar/,,,,,,
6380,http://journal.info.unlp.edu.ar/,,,,,,
6038,,,,,,,
6039,,,,,,,
5723,http://www.estudioseconomicos.uns.edu.ar/,,,,,,
3330,http://revistascientificas.filo.uba.ar/index.php/rtt,,,,,,
5535,http://www.ojs.unsj.edu.ar/index.php/reviise/,,,,,,
3869,https://cerac.unlpam.edu.ar/index.php/pys/index,,,,,,
6459,,,,,,,
7223,,,,,,,
6921,https://ojs.reumatologia.org.ar/index.php/revistaSAR/index,,,,,,
7340,,,,,,,
6997,,,,,,,
6897,,,,,,,
7239,,,,,,,
7318,,,,,,,
7478,,,,,,,
6857,,,,,,,
7277,,,,,,,
7162,,,,,,,
7022,https://ojs.extension.unicen.edu.ar/index.php/masquedos/index,,,,,,
269,http://www.unla.edu.ar/index.php/numeros-publicados,,,,,,
124,http://revista-theomai.unq.edu.ar/,,,,,,
481,https://fcf.unse.edu.ar/index.php/quebracho-revista-de-ciencias-forestales/,,,,,,
127,https://portalderevistas.unsa.edu.ar/index.php/Andes,,,,,,
148,https://caea.ar/scriptaethnologica/index.php/scripta/revista,,,,,,
146,,,,,,,
288,http://bibliotecavirtual.unl.edu.ar/publicaciones/index.php/Topicos,,,,,,
185,http://revista.fhycs.unju.edu.ar/revistacuadernos/index.php/cuadernos,,,,,,
428,http://www.cricyt.edu.ar/multequina/,,,,,,
259,http://publicaciones.uap.edu.ar/index.php/revistaenfoques,,,,,,
184,http://fundamentos.unsl.edu.ar/,,,,,,
231,https://cerac.unlpam.edu.ar/index.php/quintosol,,,,,,
145,https://pcient.uner.edu.ar/index.php/cdyt,,,,,,
462,http://www.economicas.uba.ar/institutos_y_centros/cuadernos-cimbage/,,,,,,
535,http://www.abcl.org.ar/index.htm,,,,,,
740,https://revista.estadisticaciudad.gob.ar/ojs/index.php/poblacionba,,,,,,
180,http://www.ciipme-conicet.gov.ar/ojs/index.php/interdisciplinaria/index,,,,,,
731,http://revistas.unla.edu.ar/saludcolectiva,,,,,,
669,http://www.ojs.darwin.edu.ar/index.php/darwiniana,,,,,,
845,http://mundoagrario.unlp.edu.ar/,,,,,,
846,http://www.synthesis.fahce.unlp.edu.ar/,,,,,,
651,http://www.revistabypc.org.ar/index.php/bypc,,,,,,
863,http://www.quimicaviva.qb.fcen.uba.ar/,,,,,,
1791,http://www.fvet.uba.ar/?q=invet-2#invet,,,,,,
1795,https://interseccionesantro.soc.unicen.edu.ar/index.php/intersecciones/index,,,,,,
1690,https://www.ava.unam.edu.ar/,,,,,,
1531,https://cerac.unlpam.edu.ar/index.php/praxis,,,,,,
638,http://www.unsa.edu.ar/histocat/revista/,,,,,,
1808,http://revistascientificas.filo.uba.ar/index.php/runa,,,,,,
1809,http://revistascientificas.filo.uba.ar/index.php/CAS,,,,,,
7181,,,,,,,
1817,https://revistas.uncu.edu.ar/ojs3/index.php/cilha/index,,,,,,
912,http://www.sarda.org.ar/Profesionales/Publicaciones/Revista_Sarda,,,,,,
3396,http://dspace.uces.edu.ar:8180/xmlui/handle/123456789/41,,,,,,
5596,,,,,,,
864,http://ria.inta.gob.ar/,,,,,,
877,http://www.ucel.edu.ar/index.php/component/content/article/14-sample-data-articles/238-revista-academica,,,,,,
907,http://www.unq.edu.ar/catalogo/319-redes-n-35.php,,,,,,
2732,http://www.relaces.com.ar/index.php/relaces,,,,,,
2733,http://ppct.caicyt.gov.ar/reiec,,,,,,
3053,http://www.sac.org.ar/revista-argentina-de-cardiologia/,,,,,,
2630,http://revistascientificas.filo.uba.ar/index.php/ICS,,,,,,
2819,http://www.clinicapsicologica.org.ar/,,,,,,
2130,http://www.aam.org.ar/ram.php,,,,,,
1993,http://actagastro.org/,,,,,,
3832,https://revistas.uns.edu.ar/rug,,,,,,
3796,,,,,,,
3871,http://revista.saap.org.ar/articulos/index.html,,,,,,
3872,http://www.ceil-conicet.gov.ar/ojs/index.php/sociedadyreligion/index,,,,,,
3873,http://www.unse.edu.ar/trabajoysociedad/,,,,,,
3817,,,,,,,
3845,https://ojs2.fch.unicen.edu.ar/ojs-3.1.0/index.php/espacios-en-blanco,,,,,,
3794,http://revistascientificas.filo.uba.ar/index.php/boletin/index,,,,,,
3400,https://analisisfilosofico.org/index.php/af,,,,,,
3801,https://ojs.rosario-conicet.gov.ar/index.php/prohistoria/index,,,,,,
3847,,,,,,,
3821,http://www.ramr.org/,,,,,,
3799,http://revistascientificas.filo.uba.ar/index.php/MA/about,,,,,,
3239,https://latrama.unr.edu.ar/index.php/trama,,,,,,
3828,http://revista.fca.uncu.edu.ar/,,,,,,
3579,https://visiondefuturo.fce.unam.edu.ar/index.php/visiondefuturo,,,,,,
3375,https://bibliotecavirtual.unl.edu.ar/publicaciones/index.php/DocumentosyAportes,,,,,,
3475,https://revele.uncoma.edu.ar/index.php/Sociales,,,,,,
5680,,,,,,,
5716,,,,,,,
6417,https://periodicos.sbu.unicamp.br/ojs/index.php/rbi/index,,,,,,
5733,,,,,,,
6720,https://periodicos.uffs.edu.br/index.php/FRCH/index,,,,,,
5522,http://osocialemquestao.ser.puc-rio.br/cgi/cgilua.exe/sys/start.htm?tpl=home,,,,,,
5743,,,,,,,
5765,https://seer.sis.puc-campinas.edu.br/reflexao,,,,,,
3232,http://bibliotecadigital.fgv.br/ojs/index.php/cadernosebape/index,,,,,,
5708,,,,,,,
5715,,,,,,,
5520,https://online.unisc.br/seer/index.php/redes/index,,,,,,
5524,http://seer.upf.br/index.php/rhdt/index,,,,,,
5615,,,,,,,
5536,http://www.openaccessojs.com/index.php/JBReview,,,,,,
4675,https://periodicos.ufsm.br/index.php/cienciaenatura,,,,,,
3509,http://www.e-publicacoes.uerj.br/index.php/revistaceaju,,,,,,
5720,https://seer.sis.puc-campinas.edu.br/reveducacao,,,,,,
6497,https://www.revistas.usp.br/plural/index,,,,,,
5858,https://revistas.uece.br/index.php/redufor/index,,,,,,
5863,https://www.revistamises.org.br/misesjournal/index,,,,,,
7367,,,,,,,
7375,,,,,,,
7445,,,,,,,
7519,,,,,,,
7520,,,,,,,
7442,,,,,,,
7443,,,,,,,
7441,,,,,,,
7372,,,,,,,
7438,,,,,,,
7439,,,,,,,
7227,,,,,,,
7380,,,,,,,
7437,,,,,,,
7225,,,,,,,
7222,,,,,,,
7259,,,,,,,
7260,,,,,,,
7338,,,,,,,
7339,,,,,,,
7397,,,,,,,
7420,,,,,,,
7421,,,,,,,
7480,,,,,,,
7484,,,,,,,
7486,,,,,,,
7479,,,,,,,
7200,,,,,,,
7477,,,,,,,
7488,,,,,,,
3842,https://revistas.marilia.unesp.br/index.php/transformacao,,,,,,
6891,https://cadernos.abralin.org/index.php/cadernos/about,,,,,,
6878,https://revbraspsicodrama.org.br/rbp/index,,,,,,
7165,,,,,,,
7179,,,,,,,
6953,https://revistas.ufrj.br/index.php/aigeo/index,,,,,,
6954,https://periodicos2.uesb.br/index.php/praxis/index,,,,,,
6888,https://revista.forumseguranca.org.br/index.php/rbsp/index,,,,,,
7199,,,,,,,
7417,,,,,,,
7021,http://periodicos.ufc.br/psicologiaufc/index,,,,,,
7020,,,,,,,
3993,https://periodicos.ufmg.br/index.php/edrevista,,,,,,
3996,http://revistas.pucsp.br/galaxia,,,,,,
4004,http://revistas.face.ufmg.br/index.php/novaeconomia/,,,,,,
4062,http://www.revistas.usp.br/sausoc,,,,,,
4070,http://www.csem.org.br/remhu/index.php/remhu/index,,,,,,
3967,https://www.prod.org.br/,,,,,,
6017,,,,,,,
6025,,,,,,,
5396,http://www.es.temasempsicologia.org//?lang=es,,,,,,
5702,https://seer.ufs.br/index.php/revtee/index,,,,,,
5704,https://online.unisc.br/seer/index.php/epidemiologia/index,,,,,,
5705,,,,,,,
408,http://periodicos.unifor.br/RBPS/index,,,,,,
5707,http://www.periodicos.ufc.br/contextus,,,,,,
5740,,,,,,,
6080,https://portaldeperiodicos.animaeducacao.com.br/index.php/RDFG,,,,,,
6098,https://www.pssa.ucdb.br/pssa,,,,,,
5729,,,,,,,
5766,https://www3.ufrb.edu.br/seer/index.php/griot/,,,,,,
5759,https://periodicos.ufes.br/simbiotica/about,,,,,,
5818,www.rbgdr.net,,,,,,
5528,http://www.geosaberes.ufc.br/geosaberes/index,,,,,,
5760,,,,,,,
5761,https://periodicos.uem.br/ojs/index.php/rbhe/index,,,,,,
5771,https://periodicos.ufmg.br/index.php/textolivre/about,,,,,,
6257,https://essentiaeditora.iff.edu.br/index.php/vertices/index,,,,,,
5531,http://www.ufopa.edu.br/portaldeperiodicos/index.php/revistaexitus/index,,,,,,
5798,,,,,,,
5837,,,,,,,
5861,,,,,,,
5346,https://revistas.pucsp.br//index.php/rad/index,,,,,,
5340,http://revistas.ufpr.br/rinc,,,,,,
5892,,,,,,,
4063,http://www.saudeemdebate.org.br/,,,,,,
5139,http://rbeur.anpur.org.br/rbeur/,,,,,,
5940,https://periodicos.ufsc.br/index.php/esbocos/index,,,,,,
5639,,,,,,,jsessionid=D607C04504AA72E6B1BED6524A618153.sistemas2bi1
5957,https://rbs.sbsociologia.com.br/index.php/rbs,,,,,,
5638,https://revistas.ufrj.br/index.php/dilemas/index,,,,,,
5977,,,,,,,
5998,,,,,,,
4966,https://periodicos.utfpr.edu.br/rts,,,,,,
5999,https://revistaesa.com/,,,,,,
4656,http://seer.ufrgs.br/emquestao/,,,,,,
3216,http://seer.ufrgs.br/asphe,,,,,,
5527,http://www.laplageemrevista.ufscar.br/index.php/lpg/index,,,,,,
5575,,,,,,,
6001,,,,,,,
5521,http://www.e-publicacoes.uerj.br/index.php/periferia/index,,,,,,
5769,https://www.periodicos.unimontes.br/index.php/cerrados,,,,,,
6481,https://journaluts.emnuvens.com.br/journaluts,,,,,,
5882,,,,,,,
3615,http://revistabioetica.cfm.org.br/index.php/revista_bioetica,,,,,,
7325,,,,,,,
6739,http://www.ibraspp.com.br/revista,,,,,,
6727,https://periodicos.ufpe.br/revistas/topicoseducacionais/index,,,,,,
6097,,,,,,,
6733,https://periodicos.pucpr.br/index.php/aurora,,,,,,
3054,http://www.revistas.usp.br/paideia,,,,,,
6317,http://www.revistas.uepg.br/index.php/folkcom,,,,,,
6338,,,,,,,
5335,http://raep.emnuvens.com.br/raep/index,,,,,,
6040,https://periodicos.unb.br/index.php/patryter/index,,,,,,
947,https://rbgn.fecap.br/RBGN,,,,,,
3215,http://revistaseletronicas.pucrs.br/fass/ojs/index.php/fass/index,,,,,,
3517,http://periodicos.puc-campinas.edu.br/seer/index.php/oculum,,,,,,
3130,http://periodicos.pucminas.br/index.php/interacoes,,,,,,
3131,https://periodicos.ufsm.br/index.php/educacaoespecial,,,,,,
3502,,,,,,,
3953,http://periodicos.puc-campinas.edu.br/seer/index.php/estudos,,,,,,
5140,http://www.revistas.udesc.br/index.php/modapalavra,,,,,,
5120,http://www.e-publicacoes.uerj.br/index.php/childhood,,,,,,
3915,http://www.audiolcommres.org.br/?cd_idi=_2,,,,,,
4497,http://www2.pucpr.br/reol/pb/index.php/pistis?dd99=about,,,,,,
5538,http://rausp.usp.br/,,,,,,
3924,http://www.bjorl.org.br/,,,,,,
5142,http://periodicos.feevale.br/seer/index.php/revistagestaoedesenvolvimento/index,,,,,,
5124,https://seer.uniritter.edu.br/index.php?journal=nonada,,,,,,
5141,http://www.revistas2.uepg.br/index.php/conexao,,,,,,
5275,http://periodicos.unifor.br/rmes,,,,,,
5255,http://periodicos.feevale.br/seer/index.php/revistapraksis/index,,,,,,
4991,http://www.journaliji.org/index.php/iji,,,,,,
4019,https://seer.ufrgs.br/index.php/horizontesantropologicos/index,,,,,,
4495,http://www.ijmp.jor.br/index.php/ijmp,,,,,,
3943,https://brazilianpoliticalsciencereview.org/,,,,,,
4716,http://www.revistageas.org.br/ojs/index.php/geas,,,,,,
3935,http://www.jbpml.org.br/,,,,,,
4755,https://periodicos.ufes.br/argumentum/index,,,,,,
4717,http://www.revistabrasileiramarketing.org/ojs-2.2.4/index.php/remark,,,,,,
4718,http://cascavel.ufsm.br/revistas/ojs-2.2.2/index.php/regae/index,,,,,,
4028,http://cadernosmetropole.net/,,,,,,
4815,http://www2.ifrn.edu.br/ojs/index.php/HOLOS%E2%80%8B,,,,,,
3940,http://editora.museu-goeldi.br/humanas/,,,,,,
3952,https://periodicos.sbu.unicamp.br/ojs/index.php/ecos/about,,,,,,
4496,http://revistas.unisinos.br/index.php/educacao/index,,,,,,
4715,http://periodicos.ufpb.br/ojs/index.php/arf/index,,,,,,
3939,https://revistas.ufpr.br/bcg,,,,,,
5041,http://rbtur.org.br/rbtur/,,,,,,
5044,http://seer.utp.br/index.php/i/index,,,,,,
4008,https://www.e-publicacoes.uerj.br/index.php/physis,,,,,,
4011,http://seer.ufrgs.br/read,,,,,,
4038,http://www.rbgg.com.br/,,,,,,
4060,http://www.rpped.com.br/,,,,,,
4416,http://www.repec.org.br/index.php/repec/index,,,,,,
4417,https://periodicos.uff.br/pca,,,,,,
4356,https://www.revistagesec.org.br/secretariado/index#.VFpWuBaEfxw,,,,,,
4457,http://www.uel.br/revistas/uel/index.php/semagrarias,,,,,,
4069,http://www.vibrant.org.br/,,,,,,
4518,http://www.revispsi.uerj.br/,,,,,,
4459,http://e-revista.unioeste.br/index.php/espacoplural/index,,,,,,
4067,https://www.submissao.tes.epsjv.fiocruz.br/index.php/tes/index,,,,,,
5057,http://www.seer.unirio.br/index.php/cuidadofundamental,,,,,,
4777,https://periodicos.univali.br/index.php/ra,,,,,,
4783,https://periodicos.ufsc.br/index.php/desterro/index,,,,,,
3955,,,,,,,
4056,http://www.revistas.usp.br/rieb,,,,,,
4955,http://revistaseletronicas.pucrs.br/ojs/index.php/revistafamecos/index,,,,,,
3959,http://www.sbcta.org.br/revista-food-science-and-technology,,,,,,
3989,http://www.bjcvs.org/,,,,,,
4010,https://www.scielo.br/scielo.php?script=sci_serial&pid=1413-8271&lng=en&nrm=iso,,,,,,
4735,https://sou.ucs.br/revistas/index.php/rosadosventos/index,,,,,,
4775,https://revista.crcsc.org.br/,,,,,,
4006,https://portalseer.ufba.br/index.php/revistaoes,,,,,,
4013,http://rbceonline.org.br/revista/index.php/RBCE,,,,,,
4756,http://periodicos.unifor.br/rca,,,,,,
4776,http://www.fipen.edu.br/hermes1/index.php/hermes1,,,,,,
3978,http://cbpv.org.br/rbpv/,,,,,,
3995,https://revistas.cesgranrio.org.br/index.php/ensaio/index,,,,,,
2655,http://www.surgicalcosmetic.org.br/,,,,,,
2820,http://site.cfp.org.br/publicacoes/revista-psicologia-ciencia-e-profissao/,,,,,,
2670,http://www.reben.abennacional.org.br/,,,,,,
2823,http://abrapee.wordpress.com/revista/,,,,,,
564,http://www.rem.com.br/,,,,,,
2832,http://periodicos.ufpb.br/index.php/juee/index,,,,,,
2850,http://revhistoria.usp.br/index.php/br/,,,,,,
2410,http://bibliotecadigital.fgv.br/ojs/index.php/rap/index,,,,,,
2051,http://rae.fgv.br/,,,,,,
2070,http://www.psycneuro.org/index.php/path,,,,,,
1953,http://www.ccarevista.ufc.br/seer/index.php/ccarevista,,,,,,
873,http://www.cedes.unicamp.br/publicacoes/20,,,,,,
1954,http://editorarevistas.mackenzie.br/index.php/RAM,,,,,,
810,http://www4.uninove.br/ojs/index.php/exacta/issue/current,,,,,,
1970,http://revistas.face.ufmg.br/index.php/contabilidadevistaerevista,,,,,,
1991,http://www.biotaneotropica.org.br/,,,,,,
1591,http://www.periodicoseletronicos.ufma.br/index.php/rbrascaribe/index,,,,,,
2330,https://www.scielo.br/j/rlpf/,,,,,,
2432,http://fmj.br/revista/revista_online_revistas.asp,,,,,,
2191,http://periodicos.uniso.br/ojs/index.php/avaliacao,,,,,,
1931,https://periodicos.pucpr.br/index.php/Urbe/index,,,,,,
2350,http://www.rbf-bjpt.org.br/,,,,,,
3577,http://itgt.com.br/,,,,,,
1933,https://ojs.uel.br/revistas/uel/index.php/antiteses,,,,,,
2030,http://www.abopbrasil.org.br/normas-da-revista,,,,,,
2234,http://www.rausp.usp.br/,,,,,,
2352,http://revistas.usp.br/rco/,,,,,,
1935,http://periodicos.unb.br/index.php/linhascriticas/index,,,,,,
1936,http://revistas.unisinos.br/index.php/arquitetura,,,,,,
2032,www.jistem.tecsi.org,,,,,,
1938,http://editorarevistas.mackenzie.br/index.php/ptp,,,,,,
1940,http://www.fumec.br/revistas/index.php/facesp/index,,,,,,
2371,https://periodicos.ufersa.edu.br/index.php/caatinga/index,,,,,,
3866,http://www.revistas.usp.br/pg/index,,,,,,
3843,http://periodicos.puc-campinas.edu.br/seer/index.php/transinfo,,,,,,
3844,http://www.variahistoria.org/revista/,,,,,,
3861,https://www.revistahcsm.coc.fiocruz.br/,,,,,,
218,http://www.iesp.uerj.br/publicacoes-3/,,,,,,
3231,http://periodicos.unb.br/index.php/estudos/index,,,,,,
3372,http://revistas.unisinos.br/index.php/base/index,,,,,,
3172,http://seer.ufrgs.br/educacaoerealidade/,,,,,,
3370,https://periodicos.ufsm.br/index.php/revislav/,,,,,,
3373,https://periodicos.uff.br/revistapassagens,,,,,,
3398,http://www.periodicos.letras.ufmg.br/index.php/rbla,,,,,,
3519,,,,,,,
3399,http://periodicos.unb.br/index.php/sociedade/index,,,,,,
3312,http://revistaiberoamericana.org/ojs/index.php/ibero,,,,,,
3610,https://www.revistas.usp.br/reeusp,,,,,,
3614,http://www.objnursing.uff.br/index.php/nursing,,,,,,
3765,http://teopsic.psicologia.ufrj.br/revista-agora,,,,,,
3211,http://www.periodicoseletronicos.ufma.br/index.php/rppublica,,,,,,
3381,http://revistas.udesc.br/index.php/tempo,,,,,,
3073,https://www.periodicos.uem.br/ojs/index.php/ActaSciHumanSocSci/index,,,,,,
3074,http://www.periodicos.uem.br/ojs/index.php/ActaSciLangCult/index,,,,,,
3350,,,,,,,
3476,https://periodicos.ufba.br/index.php/crh,,,,,,
3504,http://navus.sc.senac.br/index.php/navus,,,,,,
3093,https://www.scielo.br/j/psoc/,,,,,,
3094,http://www.jatm.com.br/ojs/index.php/jatm/index,,,,,,
3213,http://www.seer.ufu.br/index.php/sociedadenatureza,,,,,,
3332,http://periodicos.pucminas.br/index.php/geografia/index,,,,,,
3193,https://periodicos.ufsc.br/index.php/gual/index,,,,,,
3371,https://revistas.ufg.br/bgg,,,,,,
3110,http://aprs.org.br/publicacoes/trends-revista/,,,,,,
1797,http://facta.org.br/revista-brasileira-de-ciencia-avicola/,,,,,,
1871,http://periodicos.uem.br/ojs/index.php/ActaSciBiolSci,,,,,,
7218,,,,,,,
1551,https://bibliotecadigital.fgv.br/ojs/index.php/rae/,,,,,,
1334,http://seer.uscs.edu.br/index.php/revista_gestao,,,,,,
1346,http://revistaseletronicas.pucrs.br/ojs/index.php/iberoamericana,,,,,,
2530,https://www.revistas.ufg.br/pat,,,,,,
751,http://www.fpjournal.org.br/es_index.php,,,,,,
1394,http://pepsic.bvsalud.org/scielo.php?script=sci_serial&pid=1806-2490&lng=pt&nrm=i,,,,,,
1802,http://www.sbcs.org.br/revista/revista-online/,,,,,,
1430,https://www.revistas.usp.br/matrizes,,,,,,
3515,http://www.apgs.ufv.br/,,,,,,
1150,http://www.ulbra.br/canoas/graduacao/presencial/psicologia/bacharelado/aletheia/,,,,,,
1153,http://seer.ufrgs.br/Movimento,,,,,,
908,http://www.iac.sp.gov.br/publicacoes/bragantia/,,,,,,
934,http://www4.uninove.br/ojs/index.php/prisma,,,,,,
1154,http://www.ivt.coppe.ufrj.br/caderno/index.php/caderno,,,,,,
1170,http://proxy.furb.br/ojs/index.php/universocontabil,,,,,,
1171,https://periodicos.ufsm.br/reveducacao,,,,,,
1190,http://agraria.pro.br/ojs-2.4.6/index.php?journal=agraria,,,,,,
1550,http://revistas.ufpr.br/educar,,,,,,
929,http://www4.uninove.br/ojs/index.php/saude,,,,,,
263,https://www.scielo.br/j/rbh/,,,,,,
1230,http://bbronline.com.br/index.php/bbr,,,,,,
973,http://www.revistas.usp.br/rai,,,,,,
995,http://revistas.ufpr.br/agraria/index,,,,,,
894,http://www.revistas2.uepg.br/index.php/praxiseducativa,,,,,,
928,http://www.ambi-agua.net/splash-seer/,,,,,,
946,http://appsico.org.br/boletim-academia-paulista-de-psicologia/,,,,,,
271,http://www.unifor.br/index.php?option=com_content&view=article&id=506&Itemid=1021,,,,,,
273,http://www.revistas.usp.br/anaismp/index,,,,,,
3070,,,,,,,
3071,http://periodicos.uem.br/ojs/index.php/Enfoque/index,,,,,,
3072,http://www.periodicos.uem.br/ojs/index.php/ActaSciHealthSci/index,,,,,,
879,http://www.revistas.usp.br/reaa,,,,,,
938,http://revistas.unisinos.br/index.php/ciencias_sociais,,,,,,
742,http://revistaseletronicas.pucrs.br/ojs/index.php/civitas,,,,,,
7366,,,,,,,
930,http://www.brjb.com.br/,,,,,,
2871,http://www.periodicos.uem.br/ojs/index.php/PsicolEstud,,,,,,
2890,http://www.ufrgs.br/actavet/,,,,,,
488,http://revistas.cpd.ufv.br/arvoreweb/index.php,,,,,,
2734,https://periodicos.ufsm.br/index.php/reaufsm,,,,,,
2735,https://periodicos.ufsc.br/index.php/adm/index,,,,,,
2910,http://www.psi.puc-rio.br/site/index.php/multimidia,,,,,,
3030,http://periodicos.uem.br/ojs/index.php/ActaSciAgron/index,,,,,,
3031,http://periodicos.uem.br/ojs/index.php/ActaSciAnimSci/index,,,,,,
2736,http://www.mercator.ufc.br/index.php/mercator/index,,,,,,
2737,http://www.raunimep.com.br/ojs/index.php/regen/index,,,,,,
2912,https://www.scielo.br/scielo.php?script=sci_serial&pid=0103-636X&lng=en&nrm=iso,,,,,,
3032,http://periodicos.uem.br/ojs/index.php/ActaSciTechnol/index,,,,,,
3033,http://periodicos.uem.br/ojs/index.php/ActaSciEduc/index,,,,,,
3051,http://www.ip.usp.br/portal/index.php?option=com_content&view=article&id=1977%3Arevista-psicologia&catid=64%3Arevistas&Itemid=81&lang=pt,,,,,,
3052,http://www.ceres.ufv.br/ojs/index.php/ceres,,,,,,
2933,http://www.e-publicacoes.uerj.br/index.php/SexualidadSaludySociedad,,,,,,
2510,http://www.fc.unesp.br/#!/ciedu,,,,,,
3058,http://bibliotecadigital.fgv.br/ojs/index.php/rbfin/index,,,,,,
2610,https://periodicos.univali.br/index.php/rtva/index,,,,,,
358,http://www.ibri-rbpi.org/?page_id=119,,,,,,
2210,http://historiasp.franca.unesp.br/,,,,,,
3055,https://periodicos.uem.br/ojs/index.php/Dialogos/index,,,,,,
2814,http://rlae.eerp.usp.br/,,,,,,
2450,http://jvascbras.com.br/,,,,,,
2653,http://incubadora.periodicos.ufsc.br/index.php/saudeetransformacao/,,,,,,
107,http://portal.anpocs.org/portal/index.php?option=com_content&view=category&layout=blog&id=69&Itemid=413,,,,,,
261,http://www.epsic.psicologia.ufrn.br/,,,,,,jsessionid=D607C04504AA72E6B1BED6524A618153.sistemas2bi1
147,https://periodicos.ufsc.br/index.php/eb/index,,,,,,
317,http://www.anppas.org.br/novosite/index.php?p=aes,,,,,,
3395,http://demneuropsy.com.br/,,,,,,
188,http://seer.ufrgs.br/PsicReflexaoCritica,,,,,,
5375,,,,,,,
238,http://revistas.ufpr.br/rsp,,,,,,
298,,,,,,,
260,http://pgsskroton.com.br/seer/index.php/ensaioeciencia/index,,,,,,
307,http://pepsic.bvsalud.org/scielo.php?script=sci_serial&pid=1415-1138&lng=pt&nrm=i,,,,,,
329,https://periodicos.sbu.unicamp.br/ojs/index.php/op/index,,,,,,
331,http://coral.ufsm.br/ccrrevista/,,,,,,
327,http://www.abc.org.br/rubrique.php3?id_rubrique=52,,,,,,
2290,http://seer.psicologia.ufrj.br/index.php/abp,,,,,,
354,,,,,,,
330,https://revistas.ufrj.br/index.php/alea/index,,,,,,
381,https://periodicos.ufsc.br/index.php/ref,,,,,,
412,https://www.e-publicacoes.uerj.br/index.php/intersecoes/index,,,,,,
420,https://revistamental.unipac.br,,,,,,
1801,http://interface.org.br/,,,,,,
7373,,,,,,,
429,https://revista.iq.unesp.br,,,,,,
500,http://eduep.uepb.edu.br/rbct/,,,,,,
7319,,,,,,,
7324,,,,,,,
464,http://www.sbfisica.org.br/bjp/,,,,,,
841,http://anpad.org.br/periodicos/content/frame_base.php?revista=2,,,,,,
637,http://revista.uepb.edu.br/index.php/pboci/index,,,,,,
703,https://www.revistas.ufg.br/fchf,,,,,,
878,http://revista.dae.ufla.br/index.php/ora,,,,,,
842,,,,,,,
840,http://anpad.org.br/periodicos/content/frame_base.php?revista=1,,,,,,
850,http://www.periodicos.ulbra.br/index.php/stomatos,,,,,,
752,http://www.revistas.unijui.edu.br/index.php/desenvolvimentoemquestao,,,,,,
275,http://www.anped.org.br/site/RBE,,,,,,
684,http://www.revistas2.uepg.br/index.php/olhardeprofessor,,,,,,
803,http://www.revistas.usp.br/smad,,,,,,
744,http://cerne.ufla.br/site/index.php/CERNE,,,,,,
715,http://www4.uninove.br/ojs/index.php/eccos,,,,,,
848,http://revistaseletronicas.pucrs.br/ojs/index.php/faced,,,,,,
673,http://www.cedec.org.br/luanova/publicacoes/,,,,,,
762,https://periodicos.ufsc.br/index.php/contabilidade,,,,,,
868,http://www.seer.ufrgs.br/index.php/sociologias,,,,,,
630,http://www.cienciaesaudecoletiva.com.br/,,,,,,
714,http://www.textoecontexto.ufsc.br/en/,,,,,,
770,https://periodicos.ufba.br/index.php/afroasia,,,,,,
657,https://www.actaortopedica.com/,,,,,,
2571,http://www.rcf.fea.usp.br,,,,,,
1005,https://www.scielo.br/j/rbso/,,,,,,
672,http://www.rsp.fsp.usp.br/mensagem/pub/bemvindo.php?tipo=0,,,,,,
661,http://www.designemfoco.uneb.br/,,,,,,
7364,,,,,,,jsessionid=D607C04504AA72E6B1BED6524A618153.sistemas2bi1
5137,http://www.es.temasempsicologia.org//?lang=es,,,,,,
470,http://www.revistapolimeros.org.br/,,,,,,
766,https://revistas.pucsp.br//index.php/curriculum/index,,,,,,
698,https://revistas.intercom.org.br/index.php/revistaintercom,,,,,,
1277,http://revistaenfermagem.eean.edu.br/default.asp,,,,,,
4635,http://www.seer.ufrgs.br/presenca,,,,,,
1891,https://periodicos.pucpr.br/index.php/dialogoeducacional,,,,,,
1295,https://seer.ufmg.br/index.php/ensaio,,,,,,
1530,http://periodicos.univille.br/index.php/rsbo,,,,,,
1670,http://www.scielo.br/scielo.php?script=sci_serial&pid=1413-7704&lng=pt&nrm=iso,,,,,,
1796,https://periodicos.ufsc.br/index.php/katalysis/index,,,,,,
4395,http://www.neuropsicolatina.org/index.php/Neuropsicologia_Latinoamericana,,,,,,
101,https://cintademoebio.uchile.cl/,,,,,,
299,http://www.ubiobio.cl/theoria/,,,,,,
114,,,,,,,
300,http://geografia.uc.cl/Revista-de-Geografia-Norte-Grande/presentacion.html,,,,,,
237,http://selloeditorial.udec.cl/category/publicaciones-periodicas/acta-literaria/,,,,,,
221,http://estudiosdeeconomia.uchile.cl/,,,,,,
195,http://www.cidpa.cl/?page_id=41,,,,,,
479,http://www.revbiolmar.cl/,,,,,,
198,http://revistas.ubiobio.cl/index.php/RU/,,,,,,
197,http://www.revistaiepraxis.cl/index.php/iepraxis,,,,,,
208,,,,,,,
322,http://teologia.uc.cl/es/menu-revistas/teologia-y-vida-inicio.html,,,,,,
324,http://www.revistacienciapolitica.cl/,,,,,,
326,http://www.chungara.cl/index.php/es/home,,,,,,
315,http://www.estudios-atacamenos.ucn.cl/revista/,,,,,,
328,https://revistas.udec.cl/index.php/atenea/index,,,,,,
352,http://ediciones.ucsh.cl/ojs/index.php?journal=lyl,,,,,,
375,http://www.edicionesarq.cl/seccion/revista-arq/,,,,,,
399,http://www.panorama.utalca.cl/,,,,,,
7370,,,,,,,
506,http://www.magallania.cl/index.php/magallania,,,,,,
456,,,,,,,
552,http://cuadernosinterculturales.uv.cl/,,,,,,
820,http://www.cecoch.cl/revista-estudios-constitucionales/,,,,,,
836,http://limite.uta.cl/index.php/limite,,,,,,
469,https://www.sochinut.cl/rchnut,,,,,,
772,http://www.ingeniare.cl/index.php?option=com_ingeniare&Itemid=117&view=vv&vid=87&lang=es,,,,,,
847,https://jotmi.org/index.php/GT,,,,,,
708,http://www.revistacienciasociales.cl/ojs/index.php/publicacion,,,,,,
650,http://universum.utalca.cl/,,,,,,
645,http://www.revistapolitica.uchile.cl/,,,,,,
554,http://www.actabioethica.uchile.cl/,,,,,,
624,http://www.cona.cl/ctmol/revista.htm,,,,,,
1738,http://www.rehj.cl/,,,,,,
1739,http://www.andeangeology.cl/index.php/revista1,,,,,,
1770,http://revistachilenadederecho.uc.cl/es/,,,,,,
1632,http://revistaaisthesis.uc.cl/index.php/rait,,,,,,
1570,http://www.revistasignos.cl/index.php/signos,,,,,,
1793,http://www.neurociencia.cl/,,,,,,
979,http://www.ubiobio.cl/revistahorizontes/,,,,,,
1345,http://onomazein.letras.uc.cl/,,,,,,
1710,http://www.psicoperspectivas.cl/index.php/psicoperspectivas,,,,,,
1730,http://www.veterinaria.uach.cl/archivos_med_vet/,,,,,,
1734,http://mingaonline.uach.cl/revistas/efilolo/eaboutj.htm,,,,,,
1735,http://mingaonline.uach.cl/revistas/estped/eaboutj.htm,,,,,,
459,http://revistas.uach.cl/index.php/racs,,,,,,
1276,http://revistadelaconstruccion.uc.cl/index.php/rdlc/index,,,,,,
1736,http://www.rdpucv.cl/index.php/rderecho,,,,,,
1737,http://mingaonline.uach.cl/scielo.php?script=sci_serial&pid=0718-0950&lng=es&nrm=iso,,,,,,
3310,http://www.revistapiro.cl/inicio.html,,,,,,
960,http://www.revistaenfoques.cl/index.php/revista-uno,,,,,,
967,http://www.psykhe.cl/index.php/psykhe,,,,,,
965,http://www.jtaer.com/,,,,,,
971,http://cuadernos.uc.cl/uc/index.php/CDI,,,,,,
856,http://www.blacpma.usach.cl/,,,,,,
902,http://www.sociedadhoy.cl/,,,,,,
334,http://revistahistoria.uc.cl/index.php/rhis,,,,,,
4960,http://jppres.com/jppres/,,,,,,
785,http://teps.cl/index.php/teps,,,,,,
2911,http://revistaveritas.cl/,,,,,,
2817,http://revistas.uach.cl/index.php/aus,,,,,,
1731,http://www.revistabosque.cl/,,,,,,
196,http://www.eure.cl/index.php/eure,,,,,,
485,http://www.revistamaderas.cl/,,,,,,
264,http://www.revistapsicologia.uchile.cl/index.php/RDP/index,,,,,,
2431,http://revistas.ucsc.cl/index.php/rexe,,,,,,
2233,http://mingaonline.uach.cl/revistas/gestur/eaboutj.htm,,,,,,
1750,http://www.lajar.cl/,,,,,,
3455,http://www.revistacirugia.cl/,,,,,,
3704,http://selloeditorial.udec.cl/category/publicaciones-periodicas/enfermeria/page/2/,,,,,,
3708,http://fundacionfueyo.udp.cl/revista-chilena-de-derecho-privado/,,,,,,
3710,https://www.scielo.cl/scielo.php?script=sci_serial&pid=0718-9753&lng=es&nrm=iso,,,,,,
3713,http://dialogoandino.cl/,,,,,,
305,http://polis.ulagos.cl/index.php/polis,,,,,,
3735,http://www.citrevistas.cl/a1-formacion.htm,,,,,,
3236,http://www.exeedu.com/publishing.cl/av_cienc_ing/,,,,,,
3699,http://revchilhistnat.biomedcentral.com/,,,,,,
3315,http://www.sonepsyn.cl/index.php?id=364,,,,,,
3379,https://www.sisomosamericanos.cl/index.php/sisomosamericanos,,,,,,
3602,http://www.revistaliteratura.uchile.cl/index.php/RCL/index,,,,,,
3638,http://www.byzantion.uchile.cl/,,,,,,
3333,http://www.perspectivaeducacional.cl/index.php/peducacional/index,,,,,,
3112,http://www.revistamad.uchile.cl/,,,,,,
3212,http://revistahumanidades.unab.cl/,,,,,,
5256,,,,,,,
4397,http://revistas.ucn.cl/index.php/saludysociedad,,,,,,
4355,http://www.revistas.usach.cl/ojs/index.php/ideas/index,,,,,,
5017,http://www.australjvs.cl/ajvs/,,,,,,
4778,http://www.revistas.usach.cl/ojs/index.php/revistagpt/index,,,,,,
4695,http://revistarivar.cl/,,,,,,
5730,,,,,,,
6100,,,,,,,
258,http://www.revistainvi.uchile.cl/index.php/INVI,,,,,,
5608,https://revistas.udec.cl/index.php/ran/index,,,,,,
4396,http://www.cnps.cl/index.php/cnps/index,,,,,,
3599,http://boletinmuseoprecolombino.cl/acerca-de-la-revista/,,,,,,
6277,https://revistas.udec.cl/index.php/rtr,,,,,,
6577,,,,,,,
6157,http://amoxtli.cl/,,,,,,
5519,http://revistanuestramerica.cl/ojs/index.php/nuestramerica/index,,,,,,
7440,,,,,,,
7379,,,,,,,
7371,,,,,,,
7297,,,,,,,
7166,,,,,,,
5518,http://ojs.tdea.edu.co/index.php/encontexto/index,,,,,,
5763,,,,,,,
5857,,,,,,,
6479,https://revistas.udea.edu.co/index.php/red/index,,,,,,
212,http://www.icesi.edu.co/estudios_gerenciales/es/,,,,,,
7374,,,,,,,
7444,,,,,,,
7459,,,,,,,
6844,https://revistas.unal.edu.co/index.php/tsocial/index,,,,,,
7240,,,,,,,
3808,https://revistas.unicauca.edu.co/index.php/biotecnologia,,,,,,
7299,,,,,,,
7360,,,,,,,
7226,,,,,,,
7182,,,,,,,
7381,,,,,,,
7337,,,,,,,
7369,,,,,,,
6843,https://revistas.uexternado.edu.co/index.php/fiscal,,,,,,
7423,,,,,,,
7361,,,,,,,
7362,,,,,,,
4136,http://revistas.pedagogica.edu.co/index.php/RCE,,,,,,
4138,http://revistas.usta.edu.co/index.php/hallazgos/index,,,,,,
4139,https://revistas.uptc.edu.co/index.php/ingenieria,,,,,,
4175,http://revistas.uexternado.edu.co/index.php/derpri,,,,,,
4235,http://revistas.ces.edu.co/index.php/psicologia,,,,,,
4239,http://revistas.udistrital.edu.co/ojs/index.php/colfor/,,,,,,
4515,http://revistas.uptc.edu.co/revistas/index.php/la_palabra/index,,,,,,
4781,https://revistas.uniandes.edu.co/journal/perifrasis,,,,,,
815,http://revistas.uniandes.edu.co/journal/res,,,,,,
4075,http://revistas.uis.edu.co/index.php/anuariohistoria/index,,,,,,
557,http://aprendeenlinea.udea.edu.co/revistas/index.php/boletin,,,,,,
6077,,,,,,,
6078,https://revistas.elpoli.edu.co/index.php/pol/,,,,,,
5713,,,,,,,
5742,,,,,,,
6099,http://revistasumadenegocios.konradlorenz.edu.co/,,,,,,
5762,,,,,,,
5739,https://revedupe.unicesmag.edu.co/index.php/EDUPE,,,,,,
5745,,,,,,,
6139,,,,,,,
6142,,,,,,,
5515,https://revistas.unal.edu.co/index.php/recs,,,,,,
5823,,,,,,,
5600,,,,,,,
5859,,,,,,,
5601,,,,,,,
5602,,,,,,,
5604,,,,,,,
5337,http://www.udi.edu.co/revistainvestigaciones/index.php/ID,,,,,,
5343,https://trilogia.itm.edu.co,,,,,,
5537,http://revistas.uis.edu.co/index.php/revistauisingenierias,,,,,,
5610,,,,,,,
4795,https://revistas.uptc.edu.co/index.php/cenes,,,,,,
1050,https://revistas.icanh.gov.co/index.php/rca,,,,,,
5609,,,,,,,
5958,http://www.recia.edu.co/,,,,,,
562,http://revistas.urosario.edu.co/index.php/revsalud/,,,,,,
5879,https://www.journalusco.edu.co/index.php/pielagus/,,,,,,
5880,http://revistas.unimagdalena.edu.co/index.php/jangwapana/index,,,,,,
5603,,,,,,,
6722,https://revistas.ceipa.edu.co/index.php/perspectiva-empresarial/index,,,,,,
6697,,,,,,,
6681,,,,,,,
531,https://revistas.uexternado.edu.co/index.php/oasis/index,,,,,,
6140,,,,,,,
6735,https://www.publicacionesfac.com/index.php/cienciaypoderaereo/index,,,,,,
6732,https://riics.info/,,,,,,
6458,https://revistas.utadeo.edu.co/index.php/razoncritica,,,,,,
6381,https://revistacea.itm.edu.co,,,,,,
6141,,,,,,,
3223,http://publicaciones.eafit.edu.co/index.php/administer,,,,,,
3377,https://revistagastrocol.com/index.php/rcg/issue/view/31,,,,,,
3596,http://revistas.urosario.edu.co/index.php/desafios,,,,,,
3600,http://derechoprivado.uniandes.edu.co/,,,,,,
3190,https://revistas.unal.edu.co/index.php/actabiol/index,,,,,,
3214,http://revistas.ces.edu.co/index.php/mvz,,,,,,
3270,http://revistas.uis.edu.co/index.php/revistaintegracion,,,,,,
3438,http://revistas.uis.edu.co/index.php/revistasaluduis/index,,,,,,
3496,http://revistas.uis.edu.co/index.php/revistaboletindegeologia/index,,,,,,
3439,http://journal.poligran.edu.co/index.php/panorama,,,,,,
3090,https://revistas.unal.edu.co/index.php/rcolquim/,,,,,,
3091,http://promocionsalud.ucaldas.edu.co/,,,,,,
3595,https://revistas.udes.edu.co/cuidarte,,,,,,
3222,http://revistas.uptc.edu.co/revistas/index.php/linguistica_hispanica,,,,,,
3217,http://vip.ucaldas.edu.co/lunazul/,,,,,,
3442,http://revistas.itm.edu.co/index.php/tecnologicas/index,,,,,,
3376,http://revistas.uexternado.edu.co/index.php/derest,,,,,,
1051,http://nomadas.ucentral.edu.co/,,,,,,
4988,http://revistas.udistrital.edu.co/ojs/index.php/reving/index,,,,,,
5155,http://revistas.usta.edu.co/index.php/analisis/index,,,,,,
5038,http://revistas.uexternado.edu.co/index.php/Deradm,,,,,,
4763,http://www.icesi.edu.co/revistas/index.php/revista_cs,,,,,,
4499,http://revista.corpoica.org.co/index.php/revista,,,,,,
4975,https://revistas.unisimon.edu.co/index.php/psicogente,,,,,,
4977,http://revistascientificas.cuc.edu.co/index.php/ingecuc,,,,,,
4978,http://www.funlam.edu.co/revistas/index.php/RCCS/index,,,,,,
4992,https://revistas.udea.edu.co/index.php/mutatismutandis,,,,,,
5177,https://revistalogos.policia.edu.co:8443/index.php/rlct,,,,,,
4983,http://aprendeenlinea.udea.edu.co/revistas/index.php/elc/,,,,,,
4994,http://www.howjournalcolombia.org/index.php/how,,,,,,
5115,https://revistas.urosario.edu.co/index.php/disertaciones/index,,,,,,
4989,http://www.funlam.edu.co/revistas/index.php/perseitas,,,,,,
5121,http://revistas.unimagdalena.edu.co/index.php/duazary,,,,,,
5037,https://revistas.unal.edu.co/index.php/lthc,,,,,,
4295,http://revistas.urosario.edu.co/index.php/acdi,,,,,,
5095,http://revistas.urosario.edu.co/index.php/economia,,,,,,
5043,http://revistas.udistrital.edu.co/ojs/index.php/revcie/index,,,,,,
4115,http://www.icesi.edu.co/revistas/index.php/sistemas_telematica/index,,,,,,
719,https://revistas.unab.edu.co/index.php/medunab,,,,,,
4762,https://revistacientificaesmic.com/index.php/esmic,,,,,,
4766,http://ojs.uac.edu.co/index.php/encuentros/index,,,,,,
4765,http://aprendeenlinea.udea.edu.co/revistas/index.php/lyl/,,,,,,
4772,https://revistas.uptc.edu.co/index.php/praxis_saber,,,,,,
4915,http://revistas.udem.edu.co/index.php/anagramas,,,,,,
4076,http://www.revistas.unal.edu.co/index.php/remevez/index,,,,,,
4077,http://revistas.usb.edu.co/index.php/Agora/index,,,,,,
812,http://revistas.uniandes.edu.co/journal/colombiaint,,,,,,
4137,http://revistas.ugca.edu.co/index.php/sophia,,,,,,
4962,http://ojs.uac.edu.co/index.php/prospectiva/index,,,,,,
4096,http://revistas.unbosque.edu.co/index.php/cuaderlam,,,,,,
910,https://revistas.unimilitar.edu.co/index.php/rmed,,,,,,
2550,https://revistas.udea.edu.co/index.php/ikala,,,,,,
430,https://revistas.udea.edu.co/index.php/ingenieria/issue/archive,,,,,,
2738,http://revistasum.umanizales.edu.co/ojs/index.php/archivosmedicina,,,,,,
2739,https://revistas.libertadores.edu.co/index.php/ViaIuris,,,,,,
2913,http://revistaingenieria.univalle.edu.co/,,,,,,
496,https://revistas.unal.edu.co/index.php/dyna,,,,,,
996,http://sociedadyeconomia.univalle.edu.co/,,,,,,
2740,http://www.revista.etnomatematica.org/index.php/RevLatEm,,,,,,
2990,http://revistas.usb.edu.co/index.php/IJPR/index,,,,,,
3057,http://revistas.udistrital.edu.co/ojs/index.php/calj,,,,,,
911,https://revistas.unimilitar.edu.co/index.php/rcin/,,,,,,
2611,http://revistas.ces.edu.co/index.php/medicina,,,,,,
2790,http://revistas.udistrital.edu.co/ojs/index.php/c14,,,,,,
2654,https://revistas.unilibre.edu.co/index.php/entramado/index,,,,,,
2818,https://revistas.unal.edu.co/index.php/rcg,,,,,,
2821,https://revistas.unal.edu.co/index.php/ceconomia/,,,,,,
1951,http://www.revcolanest.com.co/,,,,,,
1952,http://revista.fecolsog.org/index.php/rcog,,,,,,
2090,http://praxis.univalle.edu.co/,,,,,,
1002,http://revistas.usergioarboleda.edu.co/index.php/ccsh/issue/archive,,,,,,
1631,http://www.actamedicacolombiana.com/,,,,,,
2390,http://revia.areandina.edu.co/ojs/index.php/IA/index,,,,,,
1942,https://revistavirtual.ucn.edu.co/index.php/RevistaUCN,,,,,,
1692,https://revistas.unal.edu.co/index.php/profile/index,,,,,,
1805,https://revistas.udea.edu.co/index.php/iatreia,,,,,,
2250,http://cuadernosdeadministracion.univalle.edu.co/,,,,,,
3803,,,,,,,
3416,http://revistas.uniandes.edu.co/journal/dearq,,,,,,
3798,https://revistas.udea.edu.co/index.php/estudios_de_filosofia,,,,,,
3420,https://revistas.uis.edu.co/index.php/revistaion,,,,,,
3235,http://editorial.ucatolica.edu.co/ojsucatolica/revistas_ucatolica/index.php/RFYPE/index,,,,,,
3458,http://www.revistas.unal.edu.co/index.php/historelo,,,,,,
3290,http://publicaciones.eafit.edu.co/index.php/ecos-economia,,,,,,
3578,https://publicaciones.autonoma.edu.co/index.php/anfora,,,,,,
3251,http://revistas.uptc.edu.co/revistas/index.php/historia_memoria,,,,,,
3435,http://revistas.usb.edu.co/index.php/Franciscanum/index,,,,,,
834,http://educacionyeducadores.unisabana.edu.co/index.php/eye,,,,,,
643,http://revistas.unal.edu.co/index.php/ingeinv/index,,,,,,
646,http://rcientificas.uninorte.edu.co/index.php/pensamiento,,,,,,
776,https://revistas.unal.edu.co/index.php/biotecnologia,,,,,,
649,http://palabraclave.unisabana.edu.co/index.php/palabraclave,,,,,,
283,http://colombiamedica.univalle.edu.co/index.php/comedica/index,,,,,,
679,http://revistas.usta.edu.co/index.php/Diversitas/index,,,,,,
741,https://aquichan.unisabana.edu.co/index.php/aquichan/index,,,,,,
693,https://revistas.unicordoba.edu.co/index.php/revistamvz/index,,,,,,
1470,https://revistas.unal.edu.co/index.php/energetica/index,,,,,,
1790,https://revistas.udea.edu.co/index.php/RIB,,,,,,
2311,http://revistaeidenar.univalle.edu.co/revista/convocatorias.htm,,,,,,
1650,http://revistas.udem.edu.co/index.php/economico,,,,,,
675,https://revistas.uexternado.edu.co/index.php/opera,,,,,,
720,http://dikaion.unisabana.edu.co/index.php/dikaion/,,,,,,
1331,http://www.revistas.unal.edu.co/index.php/avances/index,,,,,,
1514,http://revistas.upb.edu.co/index.php/derecho/index,,,,,,
1691,http://revistas.uniandes.edu.co/journal/dys,,,,,,
1799,https://revistas.unal.edu.co/index.php/refame,,,,,,
1694,https://revistas.unal.edu.co/index.php/gestion/index,,,,,,
1695,https://revistas.unal.edu.co/index.php/rbct,,,,,,
1803,https://revistas.unal.edu.co/index.php/agrocol,,,,,,
1552,https://revistas.udea.edu.co/index.php/lecturasdeeconomia,,,,,,
1872,http://revistas.urosario.edu.co/index.php/empresa/,,,,,,
1341,http://latinoamericana.ucaldas.edu.co/,,,,,,
1892,http://revistas.unbosque.edu.co/index.php/RCB,,,,,,
1342,http://www.scielo.org.co/scielo.php?script=sci_serial&pid=0121-4381&lng=es&nrm=iso,,,,,,
2570,http://revistas.udistrital.edu.co/ojs/index.php/Tecnura/index,,,,,,
1699,https://revistas.unal.edu.co/index.php/acta_agronomica,,,,,,
1492,http://revistas.eia.edu.co/index.php/reveia,,,,,,
1513,http://revistas.upb.edu.co/index.php/cienciasestrategicas,,,,,,
1590,http://revistas.upb.edu.co/index.php/Medicina,,,,,,
1390,http://publicaciones.libertadores.edu.co/index.php/TesisPsicologica/index,,,,,,
1450,http://www.revistas.unal.edu.co/index.php/arh/index,,,,,,
1053,http://revistas.usb.edu.co/index.php/GuillermoOckham,,,,,,
957,https://revistas.lasalle.edu.co/index.php/ed,,,,,,
909,https://revistas.unimilitar.edu.co/index.php/rfce,,,,,,
937,http://investigaciones.uniatlantico.edu.co/revistas/index.php/Historia_Caribe/index,,,,,,
896,http://orinoquia.unillanos.edu.co/index.php/orinoquia,,,,,,
1271,https://revistas.unal.edu.co/index.php/achsc/index,,,,,,
1210,https://ojsrevistaing.uniandes.edu.co/ojs/index.php/revista,,,,,,
945,http://revistas.udem.edu.co/index.php/opinion/index,,,,,,
1251,http://editorial.ucatolica.edu.co/ojsucatolica/revistas_ucatolica/index.php/RevArq,,,,,,
818,http://www.fce.unal.edu.co/revistainnovar,,,,,,
1491,http://www.elsevier.es/es-revista-urologia-colombiana-398,,,,,,
2972,http://revistas.usb.edu.co/index.php/Psychologia,,,,,,
899,https://revistas.unal.edu.co/index.php/estad,,,,,,
1270,https://revistas.unimilitar.edu.co/index.php/rlbi/index,,,,,,
927,https://revistas.unimilitar.edu.co/index.php/ries,,,,,,
903,http://www.unipamplona.edu.co/unipamplona/portalIG/home_10/recursos/general/pag_contenido/publicaciones/bistua_revista_ciencias_basica/23022010/revista_bistua.jsp,,,,,,
835,http://publicaciones.eafit.edu.co/index.php/ingciencia,,,,,,
799,http://revistas.urosario.edu.co/index.php/apl/,,,,,,
7363,,,,,,,
109,http://revistas.unab.edu.co/index.php?journal=marketing,,,,,,
357,http://revistas.urosario.edu.co/index.php/territorios/index,,,,,,
110,https://revistas.unab.edu.co/index.php/reflexion/index,,,,,,
120,https://revistas.udea.edu.co/index.php/fnsp,,,,,,
304,http://www.umb.edu.co/actualizaciones/inv-umbral.htm,,,,,,
478,http://ingenieria.uao.edu.co/hombreymaquina/,,,,,,
491,http://www.humboldt.org.co/es/bibliotecaypublicaciones/revistas-humboldt/biota,,,,,,
213,http://rcientificas.uninorte.edu.co/index.php/psicologia,,,,,,
164,https://revistas.udea.edu.co/index.php/estudiospoliticos/,,,,,,
3555,http://www.revistacirugia.org/,,,,,,
268,http://rcientificas.uninorte.edu.co/index.php/investigacion,,,,,,
219,http://www.revistas.unal.edu.co/index.php/formayfuncion,,,,,,
206,https://journal.universidadean.edu.co/index.php/Revista,,,,,,
414,http://revistas.unbosque.edu.co/index.php/rcfc/index,,,,,,
7164,,,,,,,
774,http://publicaciones.eafit.edu.co/index.php/co-herencia,,,,,,
1052,https://revistas.udea.edu.co/index.php/iee,,,,,,
396,http://www.revistatabularasa.org/,,,,,,
422,https://revistas.unal.edu.co/index.php/revsaludpublica/index,,,,,,
419,http://revistas.uexternado.edu.co/index.php/ecoins,,,,,,
3459,http://revistas.pedagogica.edu.co/index.php/RF,,,,,,
468,http://revistaerm.univalle.edu.co/,,,,,,
7323,,,,,,,
869,http://revistas.uptc.edu.co/revistas/index.php/historia_educacion_latinamerican,,,,,,
701,http://pensamientoycultura.unisabana.edu.co/index.php/pyc,,,,,,
855,http://rcientificas.uninorte.edu.co/index.php/memorias,,,,,,
852,http://rcientificas.uninorte.edu.co/index.php/ingenieria,,,,,,
832,http://personaybioetica.unisabana.edu.co/index.php/personaybioetica,,,,,,
833,https://revistas.icanh.gov.co/index.php/fh/index,,,,,,
861,http://aprendeenlinea.udea.edu.co/revistas/index.php/coyuntura/,,,,,,
809,https://revistas.unal.edu.co/index.php/idval,,,,,,
733,http://revistas.urosario.edu.co/index.php/sociojuridicos,,,,,,
811,http://revistas.uniandes.edu.co/journal/histcrit,,,,,,
817,http://rcientificas.uninorte.edu.co/index.php/salud,,,,,,
843,https://www.revistabiomedica.org/index.php/biomedica,,,,,,
814,http://revistas.uniandes.edu.co/journal/antipoda,,,,,,
876,https://revistas.unimilitar.edu.co/index.php/dere/about,,,,,,
798,http://editorial.ucatolica.edu.co/ojsucatolica/revistas_ucatolica/index.php/acta-colombiana-psicologia/,,,,,,
849,http://revistas.utp.edu.co/index.php/revistaciencia/index,,,,,,
773,http://revistaumanizales.cinde.org.co/,,,,,,
854,http://rcientificas.uninorte.edu.co/index.php/eidos,,,,,,
750,http://revistas.udem.edu.co/index.php/ingenierias,,,,,,
695,http://repository.lasallista.edu.co:8080/ojs/index.php/rldi,,,,,,
851,http://rcientificas.uninorte.edu.co/index.php/derecho,,,,,,
804,https://revistas.unal.edu.co/index.php/psicologia,,,,,,
465,http://www.ecopetrol.com.co/wps/portal/es/ecopetrol-web/nuestra-empresa/sala-de-prensa/publicaciones/c-t-f-ciencia-tecnologia-y-futuro/,,,,,,
806,http://psiquiatria.org.co/web/publicaciones/revista-colombiana-de-psiquiatria/,,,,,,
748,https://revistas.unal.edu.co/index.php/bitacora/,,,,,,
853,http://rcientificas.uninorte.edu.co/index.php/zona,,,,,,
6650,,,,,,,
666,https://revistas.ucr.ac.cr/index.php/intersedes,,,,,,
5611,,,,,,,
7298,,,,,,,
7382,,,,,,,
6998,https://revistas.tec.ac.cr/index.php/tec_marcha/index,,,,,,
4995,http://revistas.ucr.ac.cr/index.php/Odontos/index,,,,,,
4517,http://www.revistas.una.ac.cr/index.php/geografica,,,,,,
4782,http://revistas.ucr.ac.cr/index.php/vial/index,,,,,,
6079,,,,,,,
6337,https://www.revistas.una.ac.cr/index.php/revmar/index,,,,,,
4767,http://rcps-cr.org/,,,,,,
4980,https://revistas.ucr.ac.cr/index.php/humanidades,,,,,,
5156,https://revistas.uned.ac.cr/index.php/cuadernos,,,,,,
4759,http://www.revistas.una.ac.cr/index.php/uniciencia,,,,,,
4769,http://revistas.ucr.ac.cr/index.php/intercambio/index,,,,,,
4768,http://revistas.ucr.ac.cr/index.php/eciencias/index,,,,,,
4678,https://revistas.uned.ac.cr/index.php/espiga,,,,,,
437,https://revistas.ucr.ac.cr/index.php/agromeso,,,,,,
4420,http://revistas.ucr.ac.cr/index.php/pem/index,,,,,,
2370,http://www.revistas.una.ac.cr/index.php/mhsalud,,,,,,
1941,http://www.revistas.una.ac.cr/index.php/EDUCARE,,,,,,
3242,http://colegiodentistas.org/revista/index.php/revistaodontologica,,,,,,
3695,https://revistas.ucr.ac.cr/index.php/rehmlac,,,,,,
1332,https://revistas.ucr.ac.cr/index.php/actualidades,,,,,,
729,http://revistas.ucr.ac.cr/index.php/reflexiones/index,,,,,,
453,http://revistas.ucr.ac.cr/index.php/matematica,,,,,,
448,https://revistas.ucr.ac.cr/index.php/enfermeria,,,,,,
153,https://revistas.ucr.ac.cr/index.php/sociales/index,,,,,,
152,http://revistas.ucr.ac.cr/index.php/anuario,,,,,,
332,https://revistas.ucr.ac.cr/index.php/filyling/index,,,,,,
436,http://revistas.ucr.ac.cr/index.php/agrocost/index,,,,,,
440,https://revistas.ucr.ac.cr/index.php/educacion,,,,,,
443,http://revistas.ucr.ac.cr/index.php/lankesteriana/,,,,,,
449,http://revistas.ucr.ac.cr/index.php/rbt,,,,,,
441,http://revistas.ucr.ac.cr/index.php/ingenieria/index,,,,,,
442,https://revistas.ucr.ac.cr/index.php/kanina,,,,,,
446,http://revistas.ucr.ac.cr/index.php/psm,,,,,,
439,http://revistas.ucr.ac.cr/index.php/dialogos,,,,,,
454,https://revistas.ucr.ac.cr/index.php/geologica,,,,,,
434,http://actamedica.medicos.cr/index.php/Acta_Medica,,,,,,
447,https://revistas.ucr.ac.cr/index.php/aie,,,,,,
5862,https://www.unah.edu.cu/noticias/revista-ingenieria-agricola/,,,,,,
4255,https://revistas.uh.cu/econdesarrollo ,,,,,,
7019,http://rcm.insmet.cu/index.php/rcm/scope,,,,,,
4455,http://revistas.uo.edu.cu/index.php/tq,,,,,,
4780,https://atenas.reduniv.edu.cu/index.php/atenas,,,,,,
4516,http://www.revreumatologia.sld.cu/index.php/reumatologia,,,,,,
5523,https://revistas.uh.cu/revflacso,,,,,,
5891,,,,,,,
5517,http://www.revinfcientifica.sld.cu/index.php/ric,,,,,,
6537,,,,,,,
6378,http://avances.pinar.cu/index.php/publicaciones,,,,,,
6382,https://revgaleno.sld.cu/index.php/ump,,,,,,
3684,http://www.medisan.sld.cu/index.php/san/index,,,,,,
3604,http://rii.cujae.edu.cu/index.php/revistaind,,,,,,
3606,http://revistas.ucpejv.edu.cu/index.php/rVar,,,,,,
4435,http://scielo.sld.cu/scielo.php?script=sci_issues&pid=2224-5421&lng=es&nrm=iso,,,,,,
4773,http://www.revpanorama.sld.cu/index.php/panorama,,,,,,
4757,https://edusol.cug.co.cu/index.php/EduSol,,,,,,
1932,http://ediciones.inca.edu.cu/index.php/ediciones,,,,,,
214,http://www.revsaludpublica.sld.cu/index.php/spu,,,,,,
2812,http://www.revcirugia.sld.cu/index.php/cir,,,,,,
2691,https://payfo.ihatuey.cu/index.php?journal=pasto,,,,,,
2091,http://www.fitosanidad.cu/index.php/fitosanidad,,,,,,
1813,https://www.redalyc.org/revista.oa?id=1813,,,,,,
2111,http://revistaamc.sld.cu/index.php/amc,,,,,,
1812,,,,,,,
2230,http://www.inimet.cubaindustria.cu/actividad-cientifico-tecnica/actividad-cientifico-tecnica.html,,,,,,
2231,http://www.icidca.azcuba.cu/Revista-Icidca/,,,,,,
2232,http://www.revepidemiologia.sld.cu/index.php/hie,,,,,,
2235,http://revista.ismm.edu.cu/index.php/revistamg/index,,,,,,
2034,http://vaccimonitor.finlay.edu.cu/index.php/vaccimonitor,,,,,,
2251,http://www.ingenieriamecanica.cujae.edu.cu/index.php/revistaim,,,,,,
1939,https://www.redalyc.org/revista.oa?id=1939,,,,,,
5817,,,,,,,
3291,http://rie.cujae.edu.cu/index.php/RIE,,,,,,
3786,,,,,,,
3768,http://rau.cujae.edu.cu/index.php/revistaau/index,,,,,,
3783,http://rcci.uci.cu/index.php?journal=rcci,,,,,,
3776,http://rcics.sld.cu/index.php/acimed/index,,,,,,
3782,,,,,,,
1800,http://www.medisur.sld.cu/index.php/medisur,,,,,,
1930,,,,,,,
1804,http://www.revhabanera.sld.cu/index.php/rhab/index,,,,,,
1814,http://cinfo.idict.cu/index.php/cinfo,,,,,,
1815,http://www.ciencias.holguin.cu/,,,,,,
1816,https://revista.cnic.edu.cu/index.php/RevQuim,,,,,,
932,http://scielo.sld.cu/scielo.php?script=sci_issues&pid=2071-0054&lng=es&nrm=iso,,,,,,
7322,,,,,,,
162,http://lacua.au.dk/publikationer/dialogoslatino/,,,,,,
5885,https://revistas.utm.edu.ec/index.php/ECASinergia/,,,,,,
509,http://revistas.flacsoandes.edu.ec/iconos,,,,,,
6002,,,,,,,
7418,,,,,,,
5526,http://revistas.flacsoandes.edu.ec/urvio/index,,,,,,
6538,https://revistadigital.uce.edu.ec/index.php/SIEMBRA,,,,,,
6731,https://revistas.utm.edu.ec/index.php/Rehuso,,,,,,
900,https://revistas.uasb.edu.ec/index.php/foro,,,,,,
6757,https://revistas.flacsoandes.edu.ec/eutopia/,,,,,,
5717,,,,,,,
5722,,,,,,,
7378,,,,,,,
6858,https://editorialibkn.com/index.php/Yachasun,,,,,,
7300,,,,,,,
7224,,,,,,,
7261,,,,,,,
7237,,,,,,,
7422,,,,,,,
7197,,,,,,,
6879,https://nawi.espol.edu.ec/index.php/nawi/index,,,,,,
6887,,,,,,,
6842,https://revistas.iaen.edu.ec/index.php/estado_comunes,,,,,,
7201,,,,,,,
6955,https://revistas.ute.edu.ec/index.php/economia-y-negocios/,,,,,,
7317,,,,,,,
7198,,,,,,,
4760,https://lagranja.ups.edu.ec/,,,,,,
5045,http://revistas.ups.edu.ec/index.php/retos,,,,,,
4677,http://revistas.ups.edu.ec/index.php/alteridad,,,,,,
7217,,,,,,,
4761,https://universitas.ups.edu.ec/index.php/universitas,,,,,,
4418,http://revistas.ups.edu.ec/index.php/sophia,,,,,,
5055,https://ingenius.ups.edu.ec/,,,,,,
5711,https://publicaciones.ucuenca.edu.ec/ojs/index.php/REP,,,,,,
5728,,,,,,,
5732,,,,,,,
5826,,,,,,,
1995,http://www.revistarazonypalabra.org/index.php/ryp,,,,,,
160,https://revistachasqui.org/index.php/chasqui,,,,,,
7359,,,,,,,
7219,,,,,,,
1151,http://www.olacchi.org/contenidos.php?menu=23&submenu1=34&idiom=1,,,,,,
5646,,,,,,,
407,http://revistas.um.es/geografia,,,,,,
783,http://revistes.ub.edu/index.php/RBD/,,,,,,
5516,https://www.revista-apunts.com/es/,,,,,,
5355,http://revistas.usal.es/index.php/revistatesi/index,,,,,,
5647,,,,,,,
3537,http://revistaprismasocial.es/,,,,,,
6721,https://revistas.proeditio.com/ehquidad,,,,,,
7161,,,,,,,
6719,,,,,,,
6779,,,,,,,
6138,https://www.revistapsicologiaaplicadadeporteyejercicio.org/,,,,,,
301,http://www.revista-eea.net/,,,,,,
7558,,,,,,,
6917,https://revistas.fuesp.com/ihering,,,,,,
6918,https://revistas.fuesp.com/cih/index,,,,,,
6920,http://www.iberoamericanjm.periodikos.com.br/,,,,,,
7077,,,,,,,
5764,,,,,,,
7578,,,,,,,
6837,,,,,,,
6937,https://revistas.fuesp.com/cpe,,,,,,
6952,https://revistas.udc.es/index.php/reipe/index,,,,,,
6957,https://raco.cat/index.php/RevistaCIDOB/index,,,,,,
6958,https://ojs.ehu.eus/index.php/ausart/about,,,,,,
7489,,,,,,,
3659,,,,,,,
3598,https://www.enfermerianefrologica.com/revista,,,,,,
3675,http://revistas.usal.es/index.php/Studia_H_Historia_Medieval/index,,,,,,
3382,http://www2.uned.es/reop/,,,,,,
3508,http://revistalogopedia.uclm.es/,,,,,,
3666,http://www.pap.es/,,,,,,
3440,http://revistas.uned.es/index.php/accionpsicologica/index,,,,,,
3221,http://revistabarataria.es/web/index.php/rb,,,,,,
767,http://www.ucm.es/unisci/revista-unisci,,,,,,
3092,http://www.nutricionhospitalaria.org/,,,,,,
3597,https://ees.elsevier.com/rcsar/default.asp,,,,,,
3335,http://www.sederi.org/yearbook/,,,,,,
2770,http://www.elsevier.es/es-revista-cardiocore-298,,,,,,
3111,https://riped-online.com/index.php?journal=riped&page=inicio,,,,,,
3495,https://ojs.uv.es/index.php/attic,,,,,,
542,http://cdeporte.rediris.es/revista/revista.html,,,,,,
3218,https://www.ucm.es/fil_aleman/revista-de-filologia-alemana,,,,,,
3150,http://journals.copmadrid.org/apj/,,,,,,
5157,http://journal.sepln.org/sepln/ojs/ojs/index.php/pln,,,,,,
5176,https://ojs.publius.us.es/ojs/index.php/ppa/index,,,,,,
5195,http://lym.linguas.net/,,,,,,
5016,http://www.redaedem.org/archivos/iedee/ermbe_index.htm,,,,,,
5235,http://www.seeci.net/revista/index.php/seeci,,,,,,
921,http://marcoele.com/,,,,,,
5257,http://www.vivatacademia.net/index.php/vivat,,,,,,
5215,http://pasadoymemoria.ua.es/index,,,,,,
5117,https://ojs.uv.es/index.php/Metode/index,,,,,,
5118,https://gcg.universia.net/,,,,,,
4771,http://www.revistapcna.com/presentaci%C3%B3n,,,,,,
4774,http://www.espaciotiempoyeducacion.com/ojs/index.php/ete,,,,,,
176,http://www.investigacionesgeograficas.com/,,,,,,
4959,http://apostadigital.com/index.php,,,,,,
4415,http://www.methaodos.org/revista-methaodos/index.php/methaodos,,,,,,
5015,http://educationaltechnologyjournal.springeropen.com/,,,,,,
4462,https://revistas.uma.es/index.php/revistaISL,,,,,,
5135,http://revistas.ucm.es/index.php/ARIS,,,,,,
4475,http://forodeeducacion.com/ojs/index.php/fde/index,,,,,,
5645,,,,,,,
875,http://www.aebioetica.org/cuadernos-de-bioetica.html,,,,,,
6137,https://journals.copmadrid.org/psed/,,,,,,
5746,,,,,,,
922,http://www.ati.es/spip.php?rubrique234,,,,,,
969,http://www.revecap.com/,,,,,,
920,https://revistas.uca.es/index.php/eureka,,,,,,
2971,http://revistas.uned.es/index.php/empiria,,,,,,
970,http://www.raco.cat/index.php/AnuarioPsicologia,,,,,,
925,http://journal.iberamia.org/index.php/intartif/index,,,,,,
919,http://rev.aetox.es/wp/,,,,,,
838,http://revistas.ucm.es/index.php/RASO,,,,,,
997,,,,,,,
866,http://www.sem-wes.org/es/node/82,,,,,,
540,http://www.revistaecosistemas.net/index.php/ecosistemas,,,,,,
274,https://recyt.fecyt.es/index.php/RIFOP,,,,,,
865,http://www.e-balonmano.com/ojs/index.php/revista,,,,,,
2870,http://www.aelfe.org/?s=presentacio,,,,,,
755,http://www.revistaestudiosregionales.com/,,,,,,
2891,http://www.adicciones.es/index.php/adicciones,,,,,,
2931,http://www.investigacion-psicopedagogica.org/revista/new/index.php,,,,,,
2741,http://www.aedem-virtual.com/archivos/iedee/indiceiedee.htm,,,,,,
296,http://ruralager.org/es/,,,,,,
2742,http://cienciadeporte.eweb.unex.es/revista.html,,,,,,
2743,http://www.ehu.es/cuadernosdegestion/revista/,,,,,,
2744,http://www.casadecolon.com/anuario-de-los-estudios-atlanticos,,,,,,
3010,http://www.jhse.ua.es/index.php/jhse,,,,,,
2591,http://ocnos.revista.uclm.es/index.php/ocnos,,,,,,
653,http://www.usc.es/revistas/index.php/quintana,,,,,,
3056,http://www.usc.es/revistas/index.php/elg,,,,,,
2650,http://www.revistaaen.es/index.php/aen,,,,,,
2651,http://dti.ua.es/es/monti/monti.html,,,,,,
2451,http://www.rips.cop.es/,,,,,,
2815,http://revistasonline.inap.es/index.php?journal=GAPP,,,,,,
171,http://revistaseug.ugr.es/index.php/cuadgeo,,,,,,
771,http://indivisa.lasallecentrouniversitario.es/Paginas/default.aspx,,,,,,
2710,https://revistas.uma.es/index.php/espsi,,,,,,
765,http://www.ehu.eus/ojs/index.php/papelesCEIC,,,,,,
2833,http://revistas.um.es/rie/,,,,,,
710,http://www.cafyd.com/REVISTA/ojs/index.php/ricyde,,,,,,
2050,http://revistaseug.ugr.es/index.php/revpaz,,,,,,
1294,http://comunicacionyhombre.com/la-revista/presentacion/,,,,,,
308,http://campus.usal.es/~revistas_trabajo/index.php/1130-2887,,,,,,
2270,http://revistas.um.es/cpd,,,,,,
2590,http://www.historiaconstitucional.com/index.php/historiaconstitucional,,,,,,
1798,http://journals.copmadrid.org/pi/,,,,,,
2313,http://journals.copmadrid.org/jwop/,,,,,,
2170,http://www.aufop.com/aufop/revistas/lista/digital,,,,,,
2331,https://www.upo.es/revistas/index.php/RevMetCuant/index,,,,,,
2010,http://campus.usal.es/~revistas_trabajo/index.php/revistatesi/index,,,,,,
2351,http://www.rpd-online.com/,,,,,,
636,http://www.veterinaria.org/revistas/redvet/,,,,,,
3421,http://educar.uab.cat/,,,,,,
3457,http://www.retos.org/,,,,,,
3397,http://www.ehu.eus/ojs/index.php/THEORIA/index,,,,,,
3241,http://www.publicacions.ub.edu/revistes/eccss10/,,,,,,
3233,http://lajunta.es/13d5y,,,,,,
5175,http://www.revistahipogrifo.com/index.php/hipogrifo,,,,,,
3170,http://www.hipatiapress.info/hpjournals/index.php/hse,,,,,,
3171,http://www.hipatiapress.info/hpjournals/index.php/rise,,,,,,
3314,https://revistas.uned.es/index.php/ried/index,,,,,,
3655,http://ciplaslatin.com/,,,,,,
3609,http://www.revistadeosteoporosisymetabolismomineral.com/,,,,,,
3658,http://revistas.um.es/eglobal,,,,,,
3611,https://revistas.ucm.es/index.php/ASHF,,,,,,
289,http://investigacionesregionales.org/,,,,,,
169,https://www.degruyter.com/view/j/psicolj,,,,,,
455,https://shilap.org/revista,,,,,,
295,http://revistas.uca.es/index.php/francofonia,,,,,,
168,http://institucional.us.es/ambitos/,,,,,,
170,https://recyt.fecyt.es/index.php/RESP/index,,,,,,
158,http://www.revistacomunicar.com/,,,,,,
297,http://sphera.ucam.edu/index.php/sphera-01,,,,,,
282,https://revistascientificas.us.es/index.php/araucaria/index,,,,,,
175,http://www.ehu.es/ojs/index.php/psicodidactica/,,,,,,
174,http://www.ciriec-revistaeconomia.es/,,,,,,
173,http://www.fundacionsepi.es/revistas/presentacion.asp,,,,,,
167,http://revistas.um.es/analesps/,,,,,,
337,http://www.elsevier.es/en-revista-international-journal-clinical-health-psychology-355,,,,,,
355,http://www.unav.edu/publicaciones/revistas/index.php/anuario-de-historia-iglesia,,,,,,
398,http://revistas.um.es/turismo,,,,,,
368,http://acdc.sav.us.es/ojs/index.php/pixelbit,,,,,,
380,http://www.usc.es/revistas/index.php/rips/index,,,,,,
433,http://ubr.universia.net/,,,,,,
391,https://revistas.usc.gal/index.php/rge,,,,,,
494,http://www.revistaaquatic.com/ojs/index.php/aquatic,,,,,,
495,http://www.uco.es/ucopress/az/index.php/az/index,,,,,,
635,http://revistas.um.es/index.php/analesdoc,,,,,,
839,http://www.haaj.org/index.php?journal=haaj,,,,,,
819,http://www.revistalatinacs.org/,,,,,,
706,http://revistas.uned.es/index.php/educacionXX1,,,,,,
778,http://www.papelesdelpsicologo.es/,,,,,,
367,http://pendientedemigracion.ucm.es/info/revesco/,,,,,,
790,http://www.uoc.edu/uocpapers/4/esp/index.html,,,,,,
788,https://idp.uoc.edu/,,,,,,
808,http://cedille.webs.ull.es/,,,,,,
807,http://www.elsevier.es/es-revista-cuadernos-economia-direccion-empresa-cede-324,,,,,,
822,http://www.sibetrans.com/trans/,,,,,,
537,http://atheneadigital.net/,,,,,,
504,http://www.uper.org/,,,,,,
551,http://www.rinace.net/reice/index.htm,,,,,,
560,http://www.ijpsy.com/,,,,,,
567,http://recyt.fecyt.es/index.php/profesorado,,,,,,
623,http://www.aibr.org/antropologia/netesp/1203.php,,,,,,
780,http://journals.uoc.edu/index.php/rusc/,,,,,,
547,http://www.um.es/ead/red/red.html,,,,,,
550,http://journals.uoc.edu/index.php/digithum/,,,,,,
549,http://www.intangiblecapital.org/index.php/ic,,,,,,
690,http://www.pharmacypractice.org/,,,,,,
505,http://revistes.ub.edu/index.php/GEOACTA/index,,,,,,
1610,http://rabida.uhu.es/dspace/handle/10272/107,,,,,,
1293,http://www.formacionasunivep.com/ejep/index.php/journal,,,,,,
1630,http://ccd.ucam.edu/index.php/revista/index,,,,,,
1350,https://recyt.fecyt.es//index.php/PSRI/index,,,,,,
1696,http://www.revclinmedfam.com/,,,,,,
1806,http://journals.copmadrid.org/clysa/,,,,,,
1810,http://aeurologia.com/,,,,,,
935,http://revistas.ucm.es/index.php/CIYC,,,,,,
931,http://revistes.uab.cat/redes/index,,,,,,
3311,http://www.jotse.org/index.php/jotse,,,,,,
881,http://www.pasosonline.org/,,,,,,
520,,,,,,,
916,https://revistaseug.ugr.es/index.php/RELIEVE,,,,,,
6219,https://revistaenfoques.org/index.php/revistaenfoques/issue/archive,,,,,,
7457,,,,,,,
4615,https://ajayu.ucb.edu.bo/a,,,,,,
4456,,,,,,,
4275,http://revista-rbd.com/main.html,,,,,,
7458,,,,,,,
7180,,,,,,,
3613,http://ucbconocimiento.cba.ucb.edu.bo/index.php/JSARS,,,,,,
3250,https://sites.google.com/site/revmedicocientificaluzyvida/home,,,,,,
4258,,,,,,,
4261,http://www.pieb.com.bo/tinkazos.php,,,,,,
4263,http://www.bolivianchemistryjournal.org/,,,,,,
4218,http://ucbconocimiento.ucbcba.edu.bo/index.php/rpc/index,,,,,,
4260,https://rccm-umss.com/index.php/revistacientificacienciamedica/index,,,,,,
4259,,,,,,,
161,http://biblios.pitt.edu/ojs/index.php/biblios/index,,,,,,
4375,http://mediccreview.org/,,,,,,
2750,http://epaa.asu.edu/ojs/,,,,,,
377,http://centropr.hunter.cuny.edu/centro-journal,,,,,,
7163,,,,,,,
6890,https://www.litinfinite.com/,,,,,,
5770,https://jhs.iihr.res.in/index.php/jhs,,,,,,
7039,http://researchambition.com/RA/index.php/ra/index,,,,,,
7038,https://www.thecreativelauncher.com/index.php/tcl/index,,,,,,
181,http://www.theoria.eu/nomadas/,,,,,,
6797,https://www.journals.vu.lt/IM,,,,,,
6951,,,,,,,
6923,https://www.journals.vu.lt/omee,,,,,,
6924,https://www.journals.vu.lt/slavistica-vilnensis,,,,,,
6925,https://www.journals.vu.lt/lietuviu-kalba/,,,,,,
6926,https://www.journals.vu.lt/LMR,,,,,,
6927,https://www.journals.vu.lt/vertimo-studijos,,,,,,
6928,,,,,,,
6929,https://www.journals.vu.lt/psichologija,,,,,,
6930,,,,,,,
6938,https://www.journals.vu.lt/archaeologia-lituana/,,,,,,
6939,https://www.journals.vu.lt/kalbotyra,,,,,,
6944,https://www.journals.vu.lt/respectus-philologicus,,,,,,
6945,https://www.journals.vu.lt/problemos/,,,,,,
6940,https://www.journals.vu.lt/AML,,,,,,
6941,,,,,,,
6942,https://www.journals.vu.lt/lietuvos-chirurgija/,,,,,,
6943,https://www.journals.vu.lt/knygotyra/,,,,,,
6949,https://www.journals.vu.lt/acta-paedagogica-vilnensia/,,,,,,
6950,https://www.journals.vu.lt/Semiotika,,,,,,
6946,https://www.journals.vu.lt/taikomojikalbotyra,,,,,,
6947,,,,,,,
6948,https://www.journals.vu.lt/politologija/,,,,,,
6922,https://www.journals.vu.lt/ekonomika,,,,,,
137,http://www.revistarelaciones.com/index.php/relaciones,,,,,,
3230,https://revistas.up.edu.mx/topicos/,,,,,,
5534,http://dialogossobreeducacion.cucsh.udg.mx/index.php/DSE,,,,,,
4867,http://revistaalergia.mx/ojs/index.php/ram,,,,,,
7557,,,,,,,
7258,,,,,,,
7262,,,,,,,
7238,,,,,,,
7183,,,,,,,
7220,,,,,,,
7481,,,,,,,
7539,,,,,,,
7577,,,,,,,
6841,https://gremium.editorialrestauro.com.mx/index.php/gremium/index,,,,,,
6883,https://chapingo-cori.mx/textual/textual,,,,,,
7482,,,,,,,
6881,https://bibliographica.iib.unam.mx/index.php/RB/index,,,,,,
6886,https://revistas.chapingo.mx/inagbi/about,,,,,,
6956,https://denarius.izt.uam.mx/index.php/denarius,,,,,,
7018,,,,,,,
7487,,,,,,,
4874,http://revistas.unam.mx/index.php/rmop/index,,,,,,
1411,https://www.enclavesdelpensamiento.mx/index.php/enclaves,,,,,,
4981,http://www.ride.org.mx/index.php/RIDE,,,,,,
5259,http://cuadernoslinguistica.colmex.mx/index.php/cl,,,,,,
5216,https://www.rediech.org/ojs/2017/index.php/ie_rie_rediech,,,,,,
4990,http://www.udgvirtual.udg.mx/paakat/index.php/paakat/index,,,,,,
5122,http://recibe.cucei.udg.mx/,,,,,,
5295,https://revistas.inah.gob.mx/index.php/cuicuilco,,,,,,
5315,https://hemeroteca.uaemex.mx/index.php/ornitorrinco,,,,,,
5039,http://www.ricsh.org.mx/index.php/RICSH/index,,,,,,
4296,http://revistas.juridicas.unam.mx/index.php/derecho-social,,,,,,
4578,https://revistahorizonte.ujat.mx/index.php/horizonte,,,,,,
4257,http://journals.iztacala.unam.mx/index.php/amta/index,,,,,,
4262,http://ojs.colsan.edu.mx/ojs/index.php/COLSAN,,,,,,
4023,http://132.248.10.25/therya/index.php/THERYA,,,,,,
4216,https://www.scielo.org.mx/scielo.php?script=sci_serial&pid=2007-2406,,,,,,
4264,http://www.revistas.unam.mx/index.php/rep,,,,,,
4217,http://148.202.248.171/colegiojal/index.php/is,,,,,,
4219,https://revistas.juridicas.unam.mx/index.php/filosofia-derecho,,,,,,
4027,http://revistas.juridicas.unam.mx/index.php/derecho-internacional,,,,,,
4576,https://revistas.unam.mx/index.php/entreciencias/index,,,,,,
4575,http://www.crefal.org/rieda/,,,,,,
4026,http://www.polibits.cidetec.ipn.mx/ojs/index.php/polibits/,,,,,,
4577,http://revistamedica.imss.gob.mx/,,,,,,
4935,http://veterinariamexico.unam.mx/index.php/vet,,,,,,
4236,http://www.actapediatrica.org.mx/,,,,,,
4238,http://trace.org.mx/index.php/trace,,,,,,
4419,https://revistaciencia.uat.edu.mx/index.php/CienciaUAT,,,,,,
4556,https://revistas.udea.edu.co/index.php/trashumante/issue/archive,,,,,,
4557,http://revistas.ecosur.mx/sociedadyambiente/index.php/sya,,,,,,
4558,http://www.temasantropologicos.com/,,,,,,
4337,http://www.mexicoylacuencadelpacifico.cucsh.udg.mx/,,,,,,
4555,https://chapingo.mx/revistas/zonas_aridas/,,,,,,
4559,http://www.entrediversidades.unach.mx/,,,,,,
4561,http://www.teoriaypraxis.uqroo.mx/,,,,,,
4276,http://www.revistaalconpat.org/index.php/RA,,,,,,
4315,https://hemeroteca.uaemex.mx/index.php/paradigmaeconomico,,,,,,
4463,https://lacolmena.uaemex.mx/,,,,,,
906,http://www.pueblosyfronteras.unam.mx/index.php/index.php/pyf,,,,,,
5718,,,,,,,
136,https://fronteranorte.colef.mx/index.php/fronteranorte,,,,,,
5736,,,,,,,
1794,http://www.innovacion.ipn.mx/Paginas/Inicio.aspx,,,,,,
5475,http://ciecpress.centro.edu.mx/ojs/index.php/CentroTI/index,,,,,,
4237,http://www.remef.org.mx/index.php/remef,,,,,,
5695,,,,,,,
4560,https://www.escasto.ipn.mx/investigacion-administrativa/,,,,,,
5696,,,,,,,
6558,https://revpoliticas.uanl.mx/index.php/RPGyC,,,,,,
6678,http://www.psicumex.uson.mx/,,,,,,
6679,https://trascender.unison.mx/index.php/trascender,,,,,,
6042,,,,,,,
6557,https://vocero.uach.mx/index.php/debates-por-la-historia,,,,,,
6740,http://www.revista.economia.uady.mx/,,,,,,
6729,https://biotecnia.unison.mx/index.php/biotecnia,,,,,,
6726,https://connotas.unison.mx/index.php/critlit,,,,,,
1250,http://econoquantum.cucea.udg.mx/index.php/EQ/index,,,,,,
6759,,,,,,,
6651,http://www.revistavivienda.cuaad.udg.mx/index.php/rv,,,,,,
6761,https://revista-metodhos.cdhcm.org.mx,,,,,,
6737,http://www.filha.com.mx/,,,,,,
6379,https://recai.uaemex.mx/index,,,,,,
6649,,,,,,,
4779,https://legadodearquitecturaydiseno.uaemex.mx/index,,,,,,
942,http://smctsm.org.mx/ojs/index.php/SyV/,,,,,,
1252,https://ribet.ibero.mx,,,,,,
939,http://www.revista.ccba.uady.mx/ojs/index.php/TSA/index,,,,,,
883,http://revistamexicanademicologia.org/,,,,,,
944,https://www.redalyc.org/revista.oa?id=944,,,,,,
998,https://sinectica.iteso.mx/index.php/SINECTICA,,,,,,
874,,,,,,,
5138,http://sincronia.cucsh.udg.mx/index.html,,,,,,
898,http://tzintzun.umich.mx,,,,,,
3050,http://www.sociologicamexico.azc.uam.mx/index.php/Sociologica,,,,,,
2932,http://www.revistaius.com/index.php/ius,,,,,,
2991,https://www.ries.universia.unam.mx/index.php/ries,,,,,,
2745,http://www.revistas.unam.mx/index.php/acom,,,,,,
2791,http://alhe.mora.edu.mx/index.php/ALHE,,,,,,
574,http://abm.ojs.inecol.mx/index.php/abm,,,,,,
614,https://cientifica.site/,,,,,,
2631,http://cienciasagricolas.inifap.gob.mx/,,,,,,
2811,http://economiatyp.uam.mx/index.php/ETYP,,,,,,
416,http://www.actauniversitaria.ugto.mx/index.php/acta,,,,,,
2813,https://revistas-filologicas.unam.mx/estudios-cultura-maya/index.php/ecm,,,,,,
613,http://www.tecnicapecuaria.org.mx/index2.php,,,,,,
2652,http://ijcopi.org/ojs/index.php?journal=ijcopi,,,,,,
601,http://www.revistas.unam.mx/index.php/rie,,,,,,
633,http://confines.mty.itesm.mx/,,,,,,
2656,http://cienciaspecuarias.inifap.gob.mx/index.php/Pecuarias,,,,,,
2822,http://www.revistas.unam.mx/index.php/jbhsi,,,,,,
2830,http://www.journals.unam.mx/index.php/rlmc,,,,,,
2831,http://cpue.uv.mx/index.php/cpue,,,,,,
139,http://desacatos.ciesas.edu.mx/index.php/Desacatos,,,,,,
151,https://ojs.colef.mx/index.php/migracionesinternacionales/,,,,,,
608,,,,,,,
323,http://www.economiamexicana.cide.edu/carta_editorial.html,,,,,,
941,https://moderna.historicas.unam.mx/index.php/ehm/issue/archive,,,,,,
2110,http://www.ibero.mx/iberoforum/17/contacto.html,,,,,,
943,http://boletinsgm.igeolcu.unam.mx/bsgm/,,,,,,
467,http://www.revista.ingenieria.uady.mx/ojs/index.php/ingenieria/index,,,,,,
115,http://perfilesla.flacso.edu.mx/index.php/perfilesla/index,,,,,,
2430,http://comeppsi.com/rmp,,,,,,
132,https://perfileseducativos.unam.mx/iisue_pe/index.php/perfiles,,,,,,
395,http://www.cya.unam.mx/index.php/cya,,,,,,
593,http://rmac-mx.org/,,,,,,
473,http://www.imbiomed.com.mx/1/1/articulos.php?id_revista=131,,,,,,
1934,http://rperiplo.uaemex.mx/index.php/elperiplo,,,,,,
2033,http://novascientia.delasalle.edu.mx/ojs/index.php/Nova,,,,,,
1937,http://www.revistanorteamerica.unam.mx/index.php/nam,,,,,,
351,https://revistas.inah.gob.mx/index.php/cuicuilco,,,,,,
3587,https://revista-enfermeria.unam.mx/ojs/index.php/enfermeriauniversitaria,,,,,,
3589,http://www.psicologia.unam.mx/acta-de-investigacion-psicologica/,,,,,,
3580,https://revistas-filologicas.unam.mx/acta-poetica/index.php/ap/index,,,,,,
3582,https://revistas-filologicas.unam.mx/literatura-mexicana/index.php/lm,,,,,,
3583,http://www.revistas.unam.mx/index.php/peninsula/,,,,,,
3536,http://contexto.uanl.mx/index.php/contexto,,,,,,
3535,http://www.revistatyca.org.mx/,,,,,,
313,http://www.eltrimestreeconomico.com.mx/index.php/te/index,,,,,,
4195,http://espacialidades.cua.uam.mx/,,,,,,
3612,http://www.imcyc.com/ccid.ojs/index.php/ccid/issue/archive/,,,,,,
3497,http://riem.facmed.unam.mx/,,,,,,
3636,http://isonomia.itam.mx/,,,,,,
3635,http://revistaeconomia.unam.mx/index.php/ecu/index,,,,,,
3605,http://revista-asyd.mx/index.php/asyd,,,,,,
3556,https://revistaintervencion.inah.gob.mx/index.php/intervencion,,,,,,
118,http://www.probdes.iiec.unam.mx/,,,,,,
3603,http://www.revistavalenciana.ugto.mx/index.php/valenciana,,,,,,
3191,http://secuencia.mora.edu.mx/index.php/Secuencia,,,,,,
747,http://alteridades.izt.uam.mx/index.php/Alte,,,,,,
687,https://gmjmexico.uanl.mx,,,,,,
756,https://mexorn.org/,,,,,,
584,http://dianoia.filosoficas.unam.mx/,,,,,,
612,http://rmf.smf.org.mx/,,,,,,
617,http://myb.ojs.inecol.mx/index.php/myb/index,,,,,,
607,http://trayectorias.uanl.mx/,,,,,,
688,http://www.udgvirtual.udg.mx/apertura/index.php/apertura,,,,,,
640,http://latinoamerica.unam.mx/index.php/latino/index,,,,,,
475,http://www.jmcs.org.mx/,,,,,,
768,http://revistasomim.net/,,,,,,
621,http://www.polibotanica.mx/,,,,,,
600,http://historiamexicana.colmex.mx/index.php/RHM,,,,,,
603,http://www.politicaygobierno.cide.edu/index.php/pyg,,,,,,
497,https://www.redalyc.org/revista.oa?id=497,,,,,,
602,http://nrfh.colmex.mx/index.php/NRFH,,,,,,
615,http://www.cys.cic.ipn.mx/ojs/index.php/CyS,,,,,,
576,http://new.medigraphic.com/cgi-bin/publicaciones.cgi?IDREVISTA=47&NOMBRE=Bioquimia,,,,,,
629,https://chapingo.mx/revistas/forestales/index.php,,,,,,
618,http://www.smis.mx/index.php/RIS,,,,,,
620,http://rmiq.org/,,,,,,
565,http://www.revistascca.unam.mx/atm/index.php/atm,,,,,,
660,http://rimd.reduaz.mx/paginaContenidoBasico.php?id=1010,,,,,,
427,https://revistas.juridicas.unam.mx/index.php/derecho-comparado,,,,,,
634,http://cienciasforestales.inifap.gob.mx/,,,,,,
726,http://polismexico.izt.uam.mx/,,,,,,
577,http://www.botanicalsciences.com.mx/pag-principal.html,,,,,,
730,http://www.e-gnosis.udg.mx/index.php/e-gnosis,,,,,,
568,http://revistagi.geofisica.unam.mx/index.php/RGI,,,,,,
570,http://rmf.smf.mx/,,,,,,
628,https://www.uacm.edu.mx/andamios,,,,,,
571,http://www.astroscu.unam.mx/~rmaa/,,,,,,
578,http://hidrobiologica.izt.uam.mx/index.php/revHidro,,,,,,
654,http://revistasociotam.campuscemir.mx/ojssociotam/index.php/SOCIOTAM/index,,,,,,
604,http://publicaciones.anuies.mx/revista,,,,,,
480,http://rcmarinas.ens.uabc.mx/index.php/cmarinas,,,,,,
405,,,,,,,
582,http://www.revistasaludmental.mx/index.php/salud_mental/,,,,,,
745,http://liminar.cesmeca.mx/index.php/r1,,,,,,
572,http://satori.geociencias.unam.mx/,,,,,,
575,http://azm.ojs.inecol.mx/index.php/azm,,,,,,
586,http://estudiosdeasiayafrica.colmex.mx/index.php/eaa/,,,,,,
609,https://chapingo.mx/revistas/horticultura/,,,,,,
674,https://revistas.uaa.mx/index.php/investycien,,,,,,
619,http://www.rmib.mx/index.php/rmib,,,,,,
594,https://topicosdelseminario.buap.mx/index.php/topsem,,,,,,
569,http://www.investigacionesgeograficas.unam.mx/index.php/rig,,,,,,
685,http://www.micaplint.com/,,,,,,
597,http://estudioseconomicos.colmex.mx/,,,,,,
7365,,,,,,,
530,https://ref.uabc.mx/ojs/index.php/ref,,,,,,
539,http://www.gaceta.ine.gob.mx/,,,,,,
598,http://estudiossociologicos.colmex.mx/index.php/es,,,,,,
599,http://forointernacional.colmex.mx/index.php/fi,,,,,,
591,https://revistas-filologicas.unam.mx/nouatellus/index.php/nt,,,,,,
573,http://www.terralatinoamericana.org.mx/index.php/terra,,,,,,
724,http://www.somenta.org/web/index.php/es/,,,,,,
579,http://asociacionfarmaceuticamexicana.org.mx/revista.html,,,,,,
1339,https://psicologiaiberoamericana.ibero.mx/index.php/psicologia,,,,,,
342,http://delasalle.ulsa.mx/rci/show/spanish/about/proceso_de_arbitraje.aspx,,,,,,
885,https://revistas.juridicas.unam.mx/index.php/cuestiones-constitucionales,,,,,,
837,http://www.ucol.mx/revaia/portal/index.php,,,,,,
662,http://www.elsevier.es/es-revista-cirugia-cirujanos-139,,,,,,
859,http://erevistas.uacj.mx/ojs/index.php/noesis/index,,,,,,
104,https://cienciaergosum.uaemex.mx/,,,,,,
142,http://www.invsalud.udg.mx/,,,,,,
102,https://regionysociedad.colson.edu.mx:8086/index.php/rys/index,,,,,,
316,http://www.culturascontemporaneas.com/,,,,,,
105,http://convergencia.uaemex.mx/,,,,,,
267,https://polcul.xoc.uam.mx/index.php/polcul,,,,,,
7357,,,,,,,
311,http://tiempo-de-educar-iesu.blogspot.mx/p/antecedentes-tiempo-de-educar-es-una.html,,,,,,
112,https://rppoblacion.uaemex.mx/about,,,,,,
312,http://estudiosdemograficosyurbanos.colmex.mx/index.php/edu,,,,,,
393,http://revistaiztapalapa.izt.uam.mx/index.php/izt/index,,,,,,
111,http://est.cmq.edu.mx/index.php/est,,,,,,
292,http://desarrollo.cneip.org/wp/revista/,,,,,,
155,https://redie.uabc.mx/redie,,,,,,
270,https://rlee.ibero.mx/index.php/rlee,,,,,,
140,http://www.rmie.mx/,,,,,,
141,https://www.redalyc.org/revista.oa?id=141,,,,,,
106,http://saludpublica.mx/index.php/spm,,,,,,
302,http://www.colpos.mx/agrocien/agrociencia.htm,,,,,,
154,http://www.universidadyciencia.ujat.mx/,,,,,,
159,https://revistas-colaboracion.juridicas.unam.mx/index.php/nueva-antropologia,,,,,,
281,http://revistacoatepec.uaemex.mx/index.php/contribuciones/index,,,,,,
128,http://revistas.uqroo.mx/index.php/rmc,,,,,,
461,http://raximhai.com.mx/,,,,,,
425,http://www.revista.ib.unam.mx/index.php/bio,,,,,,
286,http://www.apps.buap.mx/ojs3/index.php/bevol/index,,,,,,
285,https://bibliotecauniversitaria.dgb.unam.mx/rbu,,,,,,
138,http://www.espiral.cucsh.udg.mx/index.php/EEES,,,,,,
133,http://www.gestionypoliticapublica.cide.edu/,,,,,,
335,https://www.relime.org/,,,,,,
325,http://www.elcotidianoenlinea.com.mx/,,,,,,
404,https://www.revistaingenieria.unam.mx/es/,,,,,,
417,http://www.ciad.mx/estudiosociales/index.php/es/index,,,,,,
321,http://revistamexicanadesociologia.unam.mx/index.php/rms,,,,,,
344,http://signoshistoricos.izt.uam.mx/index.php/SH,,,,,,
343,http://signosfilosoficos.izt.uam.mx/index.php/SF,,,,,,
346,http://www.comunicacionysociedad.cucsh.udg.mx/index.php/comsoc,,,,,,
369,http://www.analesiie.unam.mx/index.php/analesiie/index,,,,,,
340,http://reencuentro.xoc.uam.mx/index.php/reencuentro,,,,,,
384,http://humanidades.mty.itesm.mx/revista/,,,,,,
373,http://www.redalyc.org/revista.oa?id=373,,,,,,
401,https://quivera.uaemex.mx/,,,,,,
413,http://www.analisiseconomico.azc.uam.mx/index.php/rae,,,,,,
421,https://www.revistas.unam.mx/index.php/rmcpys,,,,,,
370,http://www.revistascca.unam.mx/rica/index.php/rica,,,,,,
400,http://www.ibiologia.unam.mx/barra/publicaciones/indbot.htm,,,,,,
432,http://tip.zaragoza.unam.mx/index.php/tip,,,,,,
423,https://veterinariamexico.fmvz.unam.mx/index.php/vet,,,,,,
424,,,,,,,
474,http://cibernetica.ccadet.unam.mx/jart/index.php,,,,,,
510,http://www.economiaysociedad.umich.mx/,,,,,,
487,https://tabasco.gob.mx/revista-salud-en-tabasco,,,,,,
458,http://www.ejournal.unam.mx/cuadros2.php?r=27,,,,,,
507,http://new.medigraphic.com/cgi-bin/publicaciones.cgi?IDREVISTA=53&NOMBRE=Archivos%20en%20Medicina%20Familiar,,,,,,
694,http://culturales.uabc.mx/index.php/Culturales,,,,,,
498,https://www.revistazoologia.com/,,,,,,
757,https://chapingo.mx/revistas/geografia/,,,,,,
482,http://www.imiq.org/publicaciones/revista-tecnologia-ciencia-y-educacion/,,,,,,
884,http://revistalaventana.cucsh.udg.mx/index.php/LV,,,,,,
802,https://es.scribd.com/lists/2696431/Revista-Intercontinental-de-Psicologia-y-Educacion,,,,,,
595,http://argumentos.xoc.uam.mx/,,,,,,
813,https://www.redalyc.org/revista.oa?id=813&tipo=coleccion,,,,,,
676,http://politicas.uaemex.mx/espaciospublicos/,,,,,,
589,www.revistahistoriaygrafia.com.mx,,,,,,
6638,https://researth.iars.info/index.php/curie,,,,,,
5350,http://salacela.net/es/objetivos-y-cobertura-tematica/,,,,,,
6517,https://revistas.up.ac.pa/index.php/scientia/,,,,,,
7037,https://www.medicinaclinicaysocial.org/index.php/MCS/about,,,,,,
7498,,,,,,,
7497,,,,,,,
6882,https://revistacientifica.uamericana.edu.py/index.php/academo/index,,,,,,
6037,,,,,,,
5336,http://revistas.pucp.edu.pe/index.php/derechopucp,,,,,,
5860,,,,,,,
7377,,,,,,,
7517,,,,,,,
7518,,,,,,,
6840,,,,,,,
7301,,,,,,,
7538,,,,,,,
7368,,,,,,,
7537,,,,,,,
126,https://bifea.revues.org/,,,,,,
379,http://revistasinvestigacion.unmsm.edu.pe/index.php/anales/index,,,,,,
363,https://rpmesp.ins.gob.pe/,,,,,,
341,http://www.lamolina.edu.pe/ecolapl/,,,,,,
717,http://www.cimel.felsocem.net/index.php/CIMEL,,,,,,
686,http://revistaliberabit.com/es/,,,,,,
3576,http://revistas.unitru.edu.pe/index.php/scientiaagrop,,,,,,
816,https://revistasinvestigacion.unmsm.edu.pe/index.php/idata/index,,,,,,
716,http://www.emeraldgrouppublishing.com/products/journals/journals.htm?id=arla,,,,,,
7178,,,,,,,
7358,,,,,,,
1471,https://revistas.ulima.edu.pe/index.php/Persona,,,,,,
6357,,,,,,,
966,https://amp.cmp.org.pe/index.php/AMP,,,,,,
2816,http://revistas.pucp.edu.pe/index.php/contabilidadynegocios,,,,,,
1950,http://revistasinvestigacion.unmsm.edu.pe/index.php/rpb/index,,,,,,
2031,http://sisbib.unmsm.edu.pe/bvrevistas/epidemiologia/epidemiologia.htm,,,,,,
3234,http://www.spog.org.pe/web/revista/index.php/RPGO/index,,,,,,
3607,http://jefas.esan.edu.pe/index.php/jefas,,,,,,
3716,http://www.horizontemedicina.usmp.edu.pe/index.php/horizontemed/index,,,,,,
3718,http://revistasinvestigacion.unmsm.edu.pe/index.php/veterinaria/index,,,,,,
3719,http://sqperu.org.pe/revista-sqp/,,,,,,
3374,https://revistas.ulima.edu.pe/index.php/Ingenieria_industrial/issue/view/115,,,,,,
886,http://revistas.pucp.edu.pe/index.php/anthropologica,,,,,,
3378,http://revistas.pucp.edu.pe/index.php/psicologia,,,,,,
3720,https://revistas.upch.edu.pe/index.php/RNP/index,,,,,,
3380,https://revistas.upch.edu.pe/index.php/RMH,,,,,,
5217,http://revistas.ucv.edu.pe/index.php/UCV-HACER,,,,,,
4985,,,,,,,
4498,http://www.comunicacionunap.com/index.php/rev,,,,,,
4215,https://revistas.upch.edu.pe/index.php/REH/index,,,,,,
5706,https://revistas.ulima.edu.pe/index.php/contratexto/user,,,,,,
5709,http://revistas.uncp.edu.pe/index.php/horizontedelaciencia,,,,,,
5605,http://ojs.revistainteracciones.com/index.php/ojs/index,,,,,,
5894,,,,,,,
6738,,,,,,,
6718,http://revistas.unap.edu.pe/rd/index.php/rd,,,,,,
6637,https://econjournals.sgh.waw.pl/KSzPP,,,,,,
2433,http://www.revistadelcesla.com/index.php/revistadelcesla,,,,,,
7257,,,,,,,
349,http://revistas.ulusofona.pt/index.php/rleducacao,,,,,,
287,http://sppsicossomatica.org/Publicacoes,,,,,,
6880,http://www.psychtech-journal.com/index.php/psychTech/index,,,,,,
6777,,,,,,,
374,http://revistas.rcaap.pt/rpe/,,,,,,
4265,http://ojs.letras.up.pt/index.php/Sociologia/issue/archive,,,,,,
5757,https://revistas.rcaap.pt/sisyphus,,,,,,
4135,http://observare.ual.pt/janus.net/en/,,,,,,
3887,http://tmstudies.net/index.php/ectms,,,,,,
361,http://cham.fcsh.unl.pt/ext/pages/Publicacoes_BPJS.htm,,,,,,
362,http://sp-ps.pt/site/jr,,,,,,
1697,http://www.revportpneumol.org/,,,,,,
2930,http://cadernosafricanos.cei.iscte-iul.pt/,,,,,,
2730,http://www.revistamotricidade.com/,,,,,,
3882,http://ciberindex.com/index.php/ref/issue/archive/,,,,,,
3883,http://www.aprh.pt/rgci/index_eng.html,,,,,,
3210,http://revistas.ua.pt//index.php/agora,,,,,,
3723,http://etnografica.revues.org/,,,,,,
5143,http://www.apdr.pt/siteRPER/index.html,,,,,,
3885,http://indeg.iscte-iul.pt/pagina/rpbg,,,,,,
284,https://journal.sipsych.org/index.php/IJP/index,,,,,,
256,http://www.sociedadbibliotecarios.org/index.php/revista-acceso-parentmenuitem/revista-acceso-datos-generales-menuitem,,,,,,
631,http://revistas.upr.edu/index.php/forumempresarial/index,,,,,,
2332,http://www.repsasppr.net/index.php/reps/index,,,,,,
392,http://iec-ics.uprrp.edu/?page_id=1794,,,,,,
3730,https://sites.google.com/view/revistakasmera/inicio?authuser=0,,,,,,
3759,http://salus-online.fcs.uc.edu.ve/,,,,,,
3679,http://www.svpediatria.org/secciones/publicaciones/archivos-svpp/,,,,,,
5075,http://erevistas.saber.ula.ve/cienciaeingenieria,,,,,,
5119,http://erevistas.saber.ula.ve/index.php/lenguayhabla/index,,,,,,
4277,http://ojs.udo.edu.ve/index.php/saber,,,,,,
4655,http://erevistas.saber.ula.ve/visiongerencial//,,,,,,
6057,https://produccioncientificaluz.org/index.php/tecnica,,,,,,
5768,http://fundacionkoinonia.com.ve/ojs/index.php/revistakoinonia/index,,,,,,
290,https://produccioncientificaluz.org/index.php/rvg,,,,,,
5530,http://erevistas.saber.ula.ve/index.php/sapienza/index,,,,,,
6363,http://encuentros.unermb.web.ve/index.php/Encuentros/,,,,,,
5636,http://www.indteca.com/ojs/index.php/Revista_Scientific,,,,,,
5703,https://revistas.uclave.org/index.php/gt/,,,,,,
7485,,,,,,,
122,http://produccioncientificaluz.org/index.php/espacio,,,,,,
309,http://www.unermb.edu.ve/index.php/component/content/article?id=653,,,,,,
310,http://produccioncientificaluz.org/index.php/opcion/index,,,,,,
177,http://www.ucv.ve/estructura/facultades/facultad-de-ciencias-economicas-y-sociales/institutos/inst-de-investig-economicas-y-sociales-iies/revista-venezolana-de-economia-y-ciencias-sociales.html,,,,,,
279,http://produccioncientificaluz.org/index.php/utopia/index,,,,,,
257,http://www.saber.ula.ve/actualidadcontable/,,,,,,
200,http://www.saber.ula.ve/procesoshistoricos/,,,,,,
360,http://www.saber.ula.ve/geoense/,,,,,,
336,http://produccioncientificaluz.org/index.php/gaceta,,,,,,
356,http://www.human.ula.ve/adocente/educere/,,,,,,
364,http://saber.ucv.ve/ojs/index.php/rev_ac,,,,,,
410,http://revistas.upel.edu.ve/index.php/sapiens,,,,,,
403,http://www.ucv.ve/organizacion/vrac/gerencia-de-investigacion-cientifica-y-humanistica/cendes/publicaciones/revista-cuadernos-del-cendes.html,,,,,,
555,http://www.saber.ula.ve/cieprol/provincia/,,,,,,
709,http://www.revistaorbis.org.ve/,,,,,,
652,http://www.saber.ula.ve/gitdcs/,,,,,,
823,http://produccioncientificaluz.org/index.php/enlace,,,,,,
862,http://saber.ucv.ve/ojs/index.php/rev_abv,,,,,,
857,http://www.ucla.edu.ve/bioagro/,,,,,,
659,http://saber.ucv.ve/ojs/index.php/rev_ped,,,,,,
712,http://www.saber.ula.ve/boletin_antropologico/,,,,,,
784,http://publicaciones.urbe.edu/index.php/telematique,,,,,,
761,http://revistas.upel.edu.ve/index.php/laurus,,,,,,
782,http://www.revistanegotium.org.ve/,,,,,,
737,http://produccioncientificaluz.org/index.php/omnia,,,,,,
559,https://www.revistaavft.com/index.html,,,,,,
622,http://www.saber.ula.ve/cayapa/,,,,,,
339,https://www.interciencia.net/,,,,,,
543,http://www.saber.ula.ve/cefi/aldeamundo/,,,,,,
705,http://www.saber.ula.ve/fermentum/,,,,,,
658,http://revistas.upel.edu.ve/index.php/revinpost/index,,,,,,
721,http://saber.ucv.ve/ojs/index.php/rev_terr/index,,,,,,
707,http://servicio.bc.uc.edu.ve/ingenieria/revista/index.htm,,,,,,
1792,http://www.idea.gob.ve/index.php?option=com_content&view=article&id=191,,,,,,
1700,http://saber.ucv.ve/ojs/index.php/rev_pol,,,,,,
1701,http://www.unica.edu.ve/revistaunica/,,,,,,
1702,https://www.revhipertension.com/,,,,,,
1275,http://200.35.84.134/ojs-2.4.2/index.php/cj,,,,,,
933,http://erevistas.saber.ula.ve/avancesenquimica/,,,,,,
959,http://www.fcv.luz.edu.ve/index.php?option=com_content&task=section&id=11&Itemid=186,,,,,,
904,http://produccioncientificaluz.org/index.php/multiciencias,,,,,,
993,http://ojs.urbe.edu/index.php/telos,,,,,,
3575,https://clad.org/documentacion/revista-clad/articulos-publicados/,,,,,,
880,https://revistas.uclave.org/index.php/Compendium,,,,,,
347,http://saber.ucv.ve/ojs/index.php/rev_bl/index,,,,,,
183,http://www.saber.ula.ve/gigesex/otrasmiradas/,,,,,,
280,http://produccioncientificaluz.org/index.php/rcs,,,,,,
2052,http://produccioncientificaluz.org/index.php/cienciao,,,,,,
1956,http://www.saber.ula.ve/revistaeconomia/,,,,,,
2150,http://servicio.bc.uc.edu.ve/ingenieria/revista/Inge-Industrial/,,,,,,
1990,http://produccioncientificaluz.org/index.php/quorum,,,,,,
1992,http://erevistas.saber.ula.ve/agroalimentaria,,,,,,
1994,,,,,,,
2190,http://servicio.bc.uc.edu.ve/faces/revista/lainet/index.htm,,,,,,
3313,http://erevistas.saber.ula.ve/index.php/biomedicina/index,,,,,,
3731,http://saber.ucv.ve/ojs/index.php/revisfcv,,,,,,
3755,https://www.svemonline.org/revista-venezolana-de-endocrinologia-y-metabolismo/,,,,,,
3756,https://oncologia.org.ve/publicaciones/,,,,,,
3477,http://www.saber.ula.ve/regeoven/,,,,,,
3757,http://servicio.bc.uc.edu.ve/fcs/index1.htm,,,,,,
3758,http://servicio.bc.uc.edu.ve/multidisciplinarias/saldetrab/,,,,,,
3761,http://revistas.upel.edu.ve/index.php/revinvest,,,,,,
3729,https://sites.google.com/site/revistainvestigacionesclinicas/,,,,,,
870,https://revistas.intec.edu.do/index.php/ciso,,,,,,
7221,,,,,,,
6617,http://www.vtg.mod.gov.rs/about-journal.html#.Y9BhTD3MKM8,,,,,,
6643,https://bop.unibe.ch/iw,,,,,,
6644,https://bop.unibe.ch/JROI,,,,,,
6645,https://bop.unibe.ch/linguistik-online,,,,,,
6724,https://www.artenuevorevista.com/index.php/arte-nuevo/index,,,,,,
6898,https://bop.unibe.ch/versants/index,,,,,,
6647,https://journal-sa.ch/,,,,,,
6778,https://bop.unibe.ch/ciss,,,,,,
6817,https://judaica.ch/,,,,,,
6641,https://bop.unibe.ch/EJM,,,,,,
6642,https://bop.unibe.ch/HASBonline,,,,,,
6639,https://bop.unibe.ch/apd,,,,,,
6646,https://bop.unibe.ch/manazir,,,,,,
6889,https://focusonelt.com/index.php/foe/about,,,,,,
524,http://www.smdu.org.uy/index.html,,,,,,
2973,http://cienciassociales.edu.uy/institutodecienciapolitica/revista-uruguaya-de-ciencia-politica-numeros-anteriores/,,,,,,
3238,https://revistarelap.org/index.php/relap,,,,,,
4796,http://www.odon.edu.uy/,,,,,,
4436,https://revistas.ort.edu.uy/cuadernos-de-investigacion-educativa,,,,,,
4797,http://www.suc.org.uy/RUC-NUEVA.html,,,,,,
4595,http://revistas.ucu.edu.uy/index.php/cienciaspsicologicas,,,,,,
6061,,,,,,,
5897,https://revistas.ort.edu.uy/inmediaciones-de-la-comunicacion/index,,,,,,
4758,https://revista.psico.edu.uy/index.php/revpsicologia/index,,,,,,
5681,,,,,,,
5886,,,,,,,
4536,http://cienciassociales.edu.uy/departamentodesociologia/inicio/publicaciones/acceda-a-las-revistas-de-ciencias-sociales/,,,,,,
